date, pm25, o3, no2, co
2020/11/1, 9, , , 
2020/11/2, 10, , , 
2020/11/3, 27, , , 
2020/11/4, 32, , , 
2020/11/5, 28, , , 
2020/11/6, 37, , , 
2020/11/7, 59, , , 
2020/11/8, 72, , , 
2020/11/9, 73, , , 
2020/11/10, 33, , , 
2020/11/11, 12, , , 
2020/11/12, 12, , , 
2020/11/13, 15, , , 
2020/11/14, 27, , , 
2020/11/15, 22, , , 
2020/11/16, 20, , , 
2020/11/17, 21, , , 
2020/11/18, 16, , , 
2020/11/19, 19, , , 
2020/11/20, 34, , , 
2020/11/21, 49, , , 
2020/11/22, 21, , , 
2020/11/23, 22, , , 
2020/11/24, 25, , , 
2020/11/25, 23, , , 
2020/11/26, 24, , , 
2020/11/27, 35, , , 
2020/10/1, 16, , , 
2020/10/2, 18, , , 
2020/10/3, 18, , , 
2020/10/4, 19, , , 
2020/10/5, 24, , , 
2020/10/6, 22, , , 
2020/10/7, 25, , , 
2020/10/8, 11, , , 
2020/10/9, 21, , , 
2020/10/10, 26, , , 
2020/10/11, 35, , , 
2020/10/12, 16, , , 
2020/10/13, 7, , , 
2020/10/14, 35, , , 
2020/10/15, 30, , , 
2020/10/16, 20, , , 
2020/10/17, 16, , , 
2020/10/18, 34, , , 
2020/10/19, 24, , , 
2020/10/20, 13, , , 
2020/10/21, 12, , , 
2020/10/22, 33, , , 
2020/10/23, 11, , , 
2020/10/24, 17, , , 
2020/10/28, 29, , , 
2020/10/29, 10, , , 
2020/10/30, 18, , , 
2020/10/31, 21, , , 
2020/9/1, 14, , , 
2020/9/2, 15, , , 
2020/9/3, 25, , , 
2020/9/4, 20, , , 
2020/9/6, 22, , , 
2020/9/7, 12, , , 
2020/9/8, 22, , , 
2020/9/9, 19, , , 
2020/9/10, 8, , , 
2020/9/11, 19, , , 
2020/9/12, 6, , , 
2020/9/14, 11, , , 
2020/9/15, 7, , , 
2020/9/16, 10, , , 
2020/9/17, 20, , , 
2020/9/18, 24, , , 
2020/9/21, 12, , , 
2020/9/22, 13, , , 
2020/9/23, 36, , , 
2020/9/24, 56, , , 
2020/9/25, 59, , , 
2020/9/26, 24, , , 
2020/9/27, 11, , , 
2020/9/28, 18, , , 
2020/9/29, 16, , , 
2020/9/30, 14, , , 
2020/8/1, 48, , , 
2020/8/2, 28, , , 
2020/8/3, 22, , , 
2020/8/4, 22, , , 
2020/8/5, 19, , , 
2020/8/6, 35, , , 
2020/8/7, 27, , , 
2020/8/8, 17, , , 
2020/8/9, 23, , , 
2020/8/10, 43, , , 
2020/8/11, 37, , , 
2020/8/12, 48, , , 
2020/8/13, 57, , , 
2020/8/14, 29, , , 
2020/8/15, 23, , , 
2020/8/16, 11, , , 
2020/8/17, 21, , , 
2020/8/18, 17, , , 
2020/8/19, 32, , , 
2020/8/20, 15, , , 
2020/8/21, 29, , , 
2020/8/22, 31, , , 
2020/8/23, 29, , , 
2020/8/24, 22, , , 
2020/8/25, 36, , , 
2020/8/26, 18, , , 
2020/8/27, 32, , , 
2020/8/28, 35, , , 
2020/8/29, 19, , , 
2020/8/30, 15, , , 
2020/8/31, 17, , , 
2020/7/1, 25, 48, 11, 2
2020/7/2, 26, 46, 8, 2
2020/7/3, 42, 34, 3, 1
2020/7/4, 50, 55, 6, 2
2020/7/5, 40, 57, 14, 2
2020/7/6, 45, 35, 8, 1
2020/7/7, 15, 27, 4, 1
2020/7/8, 21, 22, 5, 1
2020/7/9, 15, 20, 6, 1
2020/7/10, 15, 29, 4, 1
2020/7/11, 27, 39, 3, 1
2020/7/12, 16, 45, 10, 1
2020/7/13, 11, 30, 12, 1
2020/7/14, 12, 35, 8, 1
2020/7/15, 15, 22, 3, 1
2020/7/16, 4, , , 
2020/7/17, 22, , , 
2020/7/18, 38, , , 
2020/7/19, 39, , , 
2020/7/20, 39, , , 
2020/7/21, 20, , , 
2020/7/22, 37, , , 
2020/7/23, 17, , , 
2020/7/24, 13, , , 
2020/7/25, 19, , , 
2020/7/26, 17, , , 
2020/7/27, 42, , , 
2020/7/28, 35, , , 
2020/7/29, 37, , , 
2020/7/30, 51, , , 
2020/7/31, 32, , , 
2020/6/1, 6, 42, 16, 
2020/6/2, 15, 44, 9, 
2020/6/3, 30, 53, 13, 
2020/6/4, 31, 38, 10, 
2020/6/5, 23, 50, 8, 
2020/6/6, 18, 31, 3, 
2020/6/7, 11, 34, 8, 1
2020/6/8, 13, 61, 15, 2
2020/6/9, 30, 41, 10, 1
2020/6/10, 33, 26, 7, 1
2020/6/11, 19, 46, 14, 2
2020/6/12, 12, 36, 5, 1
2020/6/13, 8, 30, 3, 1
2020/6/14, 8, 31, 9, 1
2020/6/15, 14, 32, 14, 1
2020/6/16, 13, 30, 10, 1
2020/6/17, 14, 10, 7, 1
2020/6/18, 15, , , 
2020/6/19, 7, , , 
2020/6/20, 20, , , 
2020/6/21, 17, , , 
2020/6/22, 16, , , 
2020/6/23, 26, , , 
2020/6/24, 27, , , 
2020/6/25, 28, , , 
2020/6/26, 30, , , 
2020/6/27, 39, 49, 7, 2
2020/6/28, 29, 34, 8, 1
2020/6/29, 15, 34, 6, 1
2020/6/30, 11, 46, 7, 2
2020/5/1, 7, 34, 6, 1
2020/5/2, 10, 43, 5, 2
2020/5/3, 25, 36, 11, 1
2020/5/4, 15, 37, 10, 1
2020/5/5, 12, 32, 16, 1
2020/5/6, 15, 37, 16, 2
2020/5/7, 10, , , 
2020/5/8, 14, , , 
2020/5/9, 8, 39, 2, 1
2020/5/10, 9, 29, 10, 1
2020/5/11, 14, 37, 8, 1
2020/5/12, 10, 33, 13, 1
2020/5/13, 16, 40, 16, 3
2020/5/14, 23, 46, 16, 2
2020/5/15, 37, 38, 6, 1
2020/5/16, 23, 38, 2, 1
2020/5/17, 8, 38, 11, 
2020/5/18, 10, 34, 8, 
2020/5/19, 13, 34, 9, 
2020/5/20, 6, 30, 10, 
2020/5/21, 13, 31, 10, 
2020/5/22, 20, 31, 7, 
2020/5/23, 10, 31, 4, 
2020/5/24, 18, 27, 7, 
2020/5/25, 16, 23, 9, 
2020/5/26, 12, , 10, 
2020/5/27, 4, , 4, 
2020/5/28, 11, , 7, 
2020/5/29, 14, , , 
2020/5/30, 13, , , 
2020/5/31, 5, 8, , 
2020/4/1, 16, , , 
2020/4/2, 10, , , 
2020/4/3, 8, , , 
2020/4/4, 10, , , 
2020/4/5, 32, , , 
2020/4/6, 18, , , 
2020/4/7, 18, , , 
2020/4/8, 31, , , 
2020/4/9, 13, , , 
2020/4/10, 10, , , 
2020/4/11, 14, , , 
2020/4/12, 32, , , 
2020/4/13, 16, , , 
2020/4/14, 11, 31, , 
2020/4/15, 14, 33, 5, 1
2020/4/16, 15, 36, 8, 1
2020/4/17, 16, 32, 7, 2
2020/4/18, 15, 43, 12, 2
2020/4/19, 20, 35, 10, 2
2020/4/20, 21, 35, , 2
2020/4/21, 28, , , 
2020/4/24, 16, , , 
2020/4/25, 23, , , 
2020/4/26, 9, , , 
2020/4/27, 4, , , 
2020/4/28, 16, , , 
2020/4/29, 21, , , 
2020/4/30, 22, 33, 11, 2
2020/3/1, 21, , , 
2020/3/2, 31, , , 
2020/3/3, 38, , , 
2020/3/4, 19, , , 
2020/3/5, 21, , , 
2020/3/6, 19, , , 
2020/3/7, 16, , , 
2020/3/8, 18, , , 
2020/3/9, 33, , , 
2020/3/10, 40, , , 
2020/3/11, 18, , , 
2020/3/12, 26, , , 
2020/3/13, 19, , , 
2020/3/14, 18, , , 
2020/3/15, 19, , , 
2020/3/16, 18, , , 
2020/3/17, 21, , , 
2020/3/18, 22, , , 
2020/3/19, 19, , , 
2020/3/20, 22, , , 
2020/3/21, 17, , , 
2020/3/22, 23, , , 
2020/3/23, 12, , , 
2020/3/24, 14, , , 
2020/3/25, 16, , , 
2020/3/26, 24, , , 
2020/3/27, 25, , , 
2020/3/28, 20, , , 
2020/3/29, 8, , , 
2020/3/30, 16, , , 
2020/3/31, 7, , , 
2020/2/1, 38, , , 
2020/2/2, 35, , , 
2020/2/3, 40, , , 
2020/2/4, 53, , , 
2020/2/5, 63, , , 
2020/2/6, 33, , , 
2020/2/7, 20, , , 
2020/2/8, 30, , , 
2020/2/9, 34, , , 
2020/2/10, 20, , , 
2020/2/11, 42, , , 
2020/2/12, 29, , , 
2020/2/13, 29, , , 
2020/2/14, 27, , , 
2020/2/15, 22, , , 
2020/2/16, 28, , , 
2020/2/17, 41, , , 
2020/2/18, 37, , , 
2020/2/19, 27, , , 
2020/2/20, 20, , , 
2020/2/21, 26, , , 
2020/2/22, 29, , , 
2020/2/24, 45, , , 
2020/2/25, 31, , , 
2020/1/1, 28, , , 
2020/1/2, 43, , , 
2020/1/3, 52, , , 
2020/1/4, 44, , , 
2020/1/5, 26, , , 
2020/1/6, 37, , , 
2020/1/7, 34, , , 
2020/1/8, 31, , , 
2020/1/9, 29, , , 
2020/1/10, 34, , , 
2020/1/11, 40, , , 
2020/1/12, 31, , , 
2020/1/13, 42, , , 
2020/1/14, 44, , , 
2020/1/15, 48, , , 
2020/1/16, 33, , , 
2020/1/17, 29, , , 
2020/1/18, 19, , , 
2020/1/19, 31, , , 
2020/1/20, 29, , , 
2020/1/21, 30, , , 
2020/1/22, 41, , , 
2020/1/23, 54, , , 
2020/1/24, 61, , , 
2020/1/25, 22, , , 
2020/1/26, 24, , , 
2020/1/27, 26, , , 
2020/1/28, 22, , , 
2020/1/29, 25, , , 
2020/1/30, 32, , , 
2020/1/31, 35, , , 
2019/10/1, 25, 44, 11, 2
2019/10/2, 40, 15, 7, 2
2019/10/3, 12, 7, 12, 2
2019/10/4, 17, , , 
2019/10/5, 26, , , 
2019/10/6, 20, , , 
2019/10/7, 19, , , 
2019/10/8, 10, , , 
2019/10/9, 9, , , 
2019/10/10, 7, , , 
2019/10/11, 10, , , 
2019/10/12, 14, , , 
2019/10/13, 16, , , 
2019/10/14, 23, , , 
2019/10/15, 21, , , 
2019/10/16, 13, , , 
2019/10/17, 8, , , 
2019/10/18, 11, , , 
2019/10/19, 19, , , 
2019/10/20, 31, , , 
2019/10/21, 29, , , 
2019/10/22, 15, , , 
2019/10/23, 21, , , 
2019/10/24, 30, , , 
2019/10/25, 34, , , 
2019/10/26, 28, , , 
2019/10/27, 14, , , 
2019/10/28, 16, , , 
2019/10/29, 15, , , 
2019/10/30, 19, , , 
2019/10/31, 13, , , 
2019/11/1, 10, , , 
2019/11/2, 14, , , 
2019/11/3, 24, , , 
2019/11/4, 21, , , 
2019/11/5, 32, , , 
2019/11/6, 31, , , 
2019/11/7, 23, , , 
2019/11/8, 10, , , 
2019/11/9, 12, , , 
2019/11/10, 26, , , 
2019/11/11, 54, , , 
2019/11/12, 21, , , 
2019/11/13, 19, , , 
2019/11/14, 20, , , 
2019/11/15, 40, , , 
2019/11/16, 17, , , 
2019/11/17, 17, , , 
2019/11/18, 18, , , 
2019/11/19, 25, , , 
2019/11/20, 22, , , 
2019/11/21, 31, , , 
2019/11/22, 27, , , 
2019/11/23, 18, , , 
2019/11/24, 20, , , 
2019/11/25, 42, , , 
2019/11/26, 43, , , 
2019/11/27, 36, , , 
2019/11/28, 11, , , 
2019/11/29, 10, , , 
2019/11/30, 14, , , 
2019/12/1, 16, , , 
2019/12/2, 16, , , 
2019/12/3, 18, , , 
2019/12/4, 37, , , 
2019/12/5, 28, , , 
2019/12/6, 26, , , 
2019/12/7, 21, , , 
2019/12/8, 20, , , 
2019/12/9, 22, , , 
2019/12/10, 37, , , 
2019/12/11, 26, , , 
2019/12/12, 31, , , 
2019/12/13, 38, , , 
2019/12/14, 30, , , 
2019/12/15, 29, , , 
2019/12/16, 37, , , 
2019/12/17, 25, , , 
2019/12/18, 22, , , 
2019/12/19, 32, , , 
2019/12/20, 35, , , 
2019/12/21, 41, , , 
2019/12/22, 54, , , 
2019/12/23, 58, , , 
2019/12/24, 39, , , 
2019/12/25, 38, , , 
2019/12/26, 50, , , 
2019/12/27, 33, , , 
2019/12/28, 50, , , 
2019/12/29, 46, , , 
2019/7/1, 12, , , 
2019/7/2, 30, , 1, 
2019/7/3, 52, , , 
2019/7/4, 58, , , 
2019/7/5, 30, , 3, 
2019/7/6, 26, , , 
2019/7/7, 27, , 2, 
2019/7/8, 14, , 6, 
2019/7/9, 37, , , 
2019/7/10, 50, , , 
2019/7/11, 19, , , 
2019/7/12, 19, , , 
2019/7/13, 20, , , 
2019/7/14, 22, , , 
2019/7/15, 16, , , 
2019/7/16, 42, 48, 7, 2
2019/7/17, 46, 29, 12, 2
2019/7/18, 29, 46, 11, 2
2019/7/19, 36, 53, 10, 2
2019/7/20, 50, 46, 9, 2
2019/7/21, 44, 44, 13, 2
2019/7/22, 33, 24, 12, 2
2019/7/23, 7, 15, 13, 1
2019/7/24, 21, , , 
2019/7/25, 28, , , 
2019/7/26, 28, , , 
2019/7/27, 31, , , 
2019/7/28, 37, , , 
2019/7/29, 54, , , 
2019/7/30, 66, , , 
2019/7/31, 42, , , 
2019/8/1, 35, , , 
2019/8/2, 35, , , 
2019/8/3, 17, , , 
2019/8/4, 29, , , 
2019/8/5, 23, , , 
2019/8/6, 31, , , 
2019/8/7, 35, , , 
2019/8/8, 31, , , 
2019/8/9, 18, , , 
2019/8/10, 11, , , 
2019/8/11, 12, , , 
2019/8/12, 32, , , 
2019/8/13, 37, , , 
2019/8/14, 58, , , 
2019/8/15, 31, , , 
2019/8/16, 19, , , 
2019/8/17, 16, , , 
2019/8/18, 24, , , 
2019/8/19, 28, , , 
2019/8/20, 25, 43, 7, 2
2019/8/21, 29, 49, 16, 2
2019/8/22, 30, 25, 18, 2
2019/8/28, 18, , , 
2019/8/29, 16, , , 
2019/8/30, 28, , , 
2019/8/31, 21, , , 
2019/9/1, 10, , , 
2019/9/2, 16, , , 
2019/9/3, 20, , , 
2019/9/4, 33, , , 
2019/9/5, 11, , , 
2019/9/6, 7, , , 
2019/9/7, 12, , , 
2019/9/8, 24, , , 
2019/9/9, 17, , , 
2019/9/10, 10, , , 
2019/9/11, 31, , , 
2019/9/12, 39, , , 
2019/9/13, 11, , , 
2019/9/14, 16, , , 
2019/9/15, 17, , , 
2019/9/16, 36, , , 
2019/9/17, 11, , , 
2019/9/18, 18, , , 
2019/9/19, 20, , , 
2019/9/20, 27, , , 
2019/9/21, 42, , , 
2019/9/22, 44, , , 
2019/9/23, 36, , , 
2019/9/24, 20, , , 
2019/9/25, 25, , , 
2019/9/26, 29, , , 
2019/9/27, 27, 37, 6, 2
2019/9/28, 24, 30, 7, 2
2019/9/29, 28, 25, 4, 1
2019/9/30, 17, 27, 8, 2
2019/4/1, 14, , , 
2019/4/2, 15, , , 
2019/4/3, 23, , , 
2019/4/4, 18, , , 
2019/4/5, 17, , 4, 
2019/4/6, 23, , , 
2019/4/7, 28, , , 
2019/4/8, 22, , 3, 
2019/4/9, 21, , 1, 
2019/4/10, 12, , , 
2019/4/11, 16, , , 
2019/4/12, 29, , , 
2019/4/13, 29, , , 
2019/4/14, 14, , 1, 
2019/4/15, 11, , 1, 
2019/4/16, 12, , , 
2019/4/17, 9, , , 
2019/4/18, 27, , 5, 
2019/4/19, 32, , , 
2019/4/20, 27, , , 
2019/4/21, 22, , 2, 
2019/4/22, 25, , 8, 
2019/4/23, 25, , 1, 
2019/4/24, 17, , 2, 
2019/4/25, 13, , 4, 
2019/4/26, 12, , , 
2019/4/27, 11, , 3, 
2019/4/28, 14, , , 
2019/4/29, 14, , , 
2019/4/30, 25, , 11, 
2019/5/1, 12, , 25, 
2019/5/2, 31, , 17, 
2019/5/3, 24, , 17, 
2019/5/4, 34, , 7, 
2019/5/5, 8, , 13, 
2019/5/6, 13, , 5, 
2019/5/7, 21, , 1, 
2019/5/8, 26, , , 
2019/5/9, 9, , , 
2019/5/10, 16, , , 
2019/5/11, 11, , , 
2019/5/12, 6, , , 
2019/5/13, 3, , , 
2019/5/14, 7, , , 
2019/5/15, 15, , 2, 
2019/5/16, 30, , , 
2019/5/17, 39, , , 
2019/5/18, 26, , , 
2019/5/19, 30, , , 
2019/5/20, 30, , 1, 
2019/5/21, 9, , , 
2019/5/22, 12, , , 
2019/5/23, 17, , , 
2019/5/24, 11, , , 
2019/5/25, 9, , , 
2019/5/26, 27, , 3, 
2019/5/27, 15, , , 
2019/5/28, 27, , , 1
2019/5/29, 14, , 2, 2
2019/5/30, 14, , , 2
2019/5/31, 31, , , 3
2019/6/1, 39, , , 2
2019/6/2, 37, , , 1
2019/6/3, 16, , , 
2019/6/4, 9, , , 
2019/6/5, 36, , 2, 
2019/6/6, 26, , , 
2019/6/7, 32, , , 
2019/6/8, 18, , , 
2019/6/9, 8, , , 
2019/6/10, 12, , , 
2019/6/11, 10, , 1, 
2019/6/12, 12, , , 
2019/6/13, 9, , 1, 
2019/6/14, 8, , 9, 
2019/6/15, 18, , 5, 
2019/6/16, 33, , 3, 
2019/6/17, 27, , , 
2019/6/18, 25, 479, , 
2019/6/19, 6, , , 
2019/6/20, 18, , , 
2019/6/21, 9, , , 
2019/6/22, 9, , , 
2019/6/23, 9, , 3, 
2019/6/24, 31, , , 
2019/6/25, 31, , 2, 
2019/6/26, 26, , 1, 
2019/6/27, 22, , 2, 
2019/6/28, 26, , , 
2019/6/29, 39, , , 
2019/6/30, 15, , , 
2019/1/1, 35, , , 
2019/1/2, 41, , , 
2019/1/3, 37, , , 
2019/1/4, 58, , , 
2019/1/5, 35, , , 
2019/1/6, 35, , , 
2019/1/7, 27, , , 
2019/1/8, 33, , , 
2019/1/9, 36, , , 
2019/1/10, 23, , , 
2019/1/11, 26, , , 
2019/1/12, 29, , , 
2019/1/13, 33, , , 
2019/1/14, 37, , , 
2019/1/15, 50, , , 
2019/1/16, 47, , , 
2019/1/17, 24, , , 
2019/1/18, 47, , , 
2019/1/19, 35, , , 
2019/1/20, 25, , , 
2019/1/21, 30, , , 
2019/1/22, 30, , , 
2019/1/23, 29, , , 
2019/1/24, 22, , , 
2019/1/25, 35, , , 
2019/1/26, 34, , , 
2019/1/27, 32, , , 
2019/1/28, 38, , , 
2019/1/29, 40, , , 
2019/1/30, 37, , , 
2019/1/31, 33, , , 
2019/2/1, 39, , , 
2019/2/2, 47, , , 
2019/2/3, 62, , , 
2019/2/4, 61, , , 
2019/2/5, 56, , 3, 
2019/2/6, 25, , , 
2019/2/7, 26, , , 
2019/2/8, 19, , , 
2019/2/9, 19, , , 
2019/2/10, 21, , , 
2019/2/11, 42, , 1, 
2019/2/12, 17, , , 
2019/2/13, 27, , , 
2019/2/14, 27, , , 
2019/2/15, 41, , 5, 
2019/2/16, 26, , , 
2019/2/17, 24, , , 
2019/2/18, 31, , , 
2019/2/19, 21, , , 
2019/2/20, 32, , 8, 
2019/2/21, 22, , , 
2019/2/22, 40, , 5, 
2019/2/23, 28, , 1, 
2019/2/24, 15, , 6, 
2019/2/25, 30, , 5, 
2019/2/26, 24, , 2, 
2019/2/27, 16, , , 
2019/2/28, 35, , , 
2019/3/1, 36, , , 
2019/3/2, 33, , 8, 
2019/3/3, 44, , 6, 
2019/3/4, 27, , , 
2019/3/5, 28, , 6, 
2019/3/6, 31, , , 
2019/3/7, 38, , , 
2019/3/8, 39, , , 
2019/3/9, 48, , 4, 
2019/3/10, 32, , , 
2019/3/11, 28, , , 
2019/3/12, 28, , , 
2019/3/18, 24, , , 
2019/3/19, 28, , 6, 
2019/3/20, 30, , 7, 
2019/3/21, 19, , , 
2019/3/22, 14, , 4, 
2019/3/23, 14, , , 
2019/3/24, 14, , 3, 
2019/3/25, 34, , 2, 
2019/3/26, 15, , , 
2019/3/27, 12, , , 
2019/3/28, 12, , , 
2019/3/29, 27, , , 
2019/3/30, 37, , , 
2019/3/31, 27, , 2, 
2018/10/1, 35, , , 
2018/10/2, 32, , , 
2018/10/3, 20, , , 
2018/10/4, 42, , , 
2018/10/5, 16, , , 
2018/10/6, 16, , , 
2018/10/7, 31, , , 
2018/10/8, 22, , , 
2018/10/9, 14, , , 
2018/10/10, 15, , , 
2018/10/11, 10, , , 
2018/10/12, 10, , , 
2018/10/13, 6, , , 
2018/10/14, 16, , , 
2018/10/15, 19, , , 
2018/10/16, 11, , , 
2018/10/17, 21, , , 
2018/10/18, 9, , , 
2018/10/19, 12, , , 
2018/10/20, 16, 23, 4, 1
2018/10/21, 10, 17, 18, 2
2018/10/22, 16, 24, 13, 2
2018/10/23, 22, 20, 7, 1
2018/10/24, 18, 16, 10, 1
2018/10/25, 17, 19, 16, 2
2018/10/26, 14, 26, 3, 1
2018/10/27, 10, , , 
2018/10/28, 10, , , 
2018/10/29, 20, , , 
2018/10/30, 22, , , 
2018/10/31, 39, , , 
2018/11/1, 48, , , 
2018/11/2, 25, , , 
2018/11/3, 16, , , 
2018/11/4, 18, , , 
2018/11/5, 18, , , 
2018/11/6, 13, , , 
2018/11/7, 20, , , 
2018/11/8, 20, 18, 9, 1
2018/11/9, 10, 24, 9, 1
2018/11/10, 16, 23, 13, 2
2018/11/11, 22, 18, 28, 5
2018/11/12, 38, 17, 19, 3
2018/11/13, 24, 24, 8, 1
2018/11/14, 17, 22, 7, 1
2018/11/15, 10, , , 
2018/11/16, 24, , , 
2018/11/17, 32, , , 
2018/11/18, 19, , , 
2018/11/19, 50, , , 
2018/11/20, 38, , , 
2018/11/21, 23, 25, 6, 1
2018/11/22, 16, 17, 20, 2
2018/11/23, 20, 24, 30, 4
2018/11/24, 26, 24, 15, 2
2018/11/25, 27, 27, 20, 3
2018/11/26, 26, 14, 11, 2
2018/11/27, 10, 12, 11, 2
2018/11/28, 15, , , 
2018/11/29, 19, , , 
2018/11/30, 33, , , 
2018/12/1, 34, , , 
2018/12/2, 28, , , 
2018/12/3, 27, , , 
2018/12/4, 22, , , 
2018/12/5, 24, , , 
2018/12/6, 32, , , 
2018/12/7, 34, , , 
2018/12/8, 28, , , 
2018/12/9, 28, , , 
2018/12/10, 39, , , 
2018/12/11, 40, , , 
2018/12/12, 58, , , 
2018/12/13, 35, , , 
2018/12/14, 32, , , 
2018/12/15, 43, , , 
2018/12/16, 22, , , 
2018/12/17, 23, , , 
2018/12/18, 21, , , 
2018/12/26, 46, , , 
2018/12/27, 41, , , 
2018/12/28, 25, , , 
2018/12/29, 25, , , 
2018/12/30, 30, , , 
2018/7/1, 62, 70, 16, 3
2018/7/2, 61, 39, 11, 2
2018/7/3, 55, 34, 7, 1
2018/7/4, 43, 21, 3, 1
2018/7/5, 6, 22, 7, 1
2018/7/6, 15, 28, 6, 1
2018/7/7, 5, , , 
2018/7/8, 11, , , 
2018/7/9, 21, , , 
2018/7/10, 40, 23, , 
2018/7/11, 38, 48, 10, 1
2018/7/12, 25, 40, 13, 2
2018/7/13, 24, 55, 9, 2
2018/7/14, 27, 45, 11, 2
2018/7/15, 26, 68, 19, 3
2018/7/16, 42, 39, 5, 2
2018/7/17, 31, , , 
2018/7/18, 17, , , 
2018/7/19, 13, , , 
2018/7/20, 20, , , 
2018/7/21, 7, , , 
2018/7/22, 17, , , 
2018/7/23, 21, , , 
2018/7/24, 17, , , 
2018/7/25, 13, , , 
2018/7/26, 12, , , 
2018/7/27, 37, , , 
2018/7/28, 28, , , 
2018/7/29, 18, , , 
2018/7/30, 25, , , 
2018/7/31, 19, , , 
2018/8/1, 19, , , 
2018/8/2, 22, , , 
2018/8/3, 15, , , 
2018/8/4, 15, , , 
2018/8/5, 42, , , 
2018/8/6, 60, , , 
2018/8/7, 45, , , 
2018/8/8, 35, , , 
2018/8/9, 33, , , 
2018/8/10, 53, , , 
2018/8/11, 31, , , 
2018/8/12, 25, , , 
2018/8/13, 10, , , 
2018/8/14, 17, 25, , 
2018/8/15, 38, 53, 14, 3
2018/8/16, 70, 46, 10, 3
2018/8/17, 59, 32, 11, 2
2018/8/18, 48, 21, , 
2018/8/20, 24, 27, 5, 1
2018/8/21, 10, 36, 6, 1
2018/8/22, 43, 26, 8, 1
2018/8/23, 32, 40, 15, 3
2018/8/24, 36, 39, 8, 2
2018/8/25, 20, 40, 6, 2
2018/8/26, 33, 19, 15, 3
2018/8/27, 61, , , 
2018/8/28, 79, , , 
2018/8/29, 85, , , 
2018/8/30, 28, , , 
2018/8/31, 10, , , 
2018/9/1, 9, , , 
2018/9/2, 25, , , 
2018/9/3, 34, , , 
2018/9/4, 29, , , 
2018/9/5, 32, , , 
2018/9/6, 42, , , 
2018/9/7, 19, , , 
2018/9/8, 17, , , 
2018/9/9, 9, , , 
2018/9/10, 7, , , 
2018/9/11, 46, , , 
2018/9/12, 35, , , 
2018/9/13, 18, , , 
2018/9/14, 8, , , 
2018/9/15, 12, , , 
2018/9/16, 16, , , 
2018/9/17, 10, , , 
2018/9/18, 15, , , 
2018/9/19, 31, , , 
2018/9/20, 9, , , 
2018/9/21, 7, , , 
2018/9/22, 16, , , 
2018/9/23, 13, , , 
2018/9/24, 15, , , 
2018/9/25, 16, , , 
2018/9/26, 19, , , 
2018/9/27, 6, , , 
2018/9/28, 12, , , 
2018/9/29, 22, , , 
2018/9/30, 15, , , 
2018/4/1, 18, , , 
2018/4/2, 22, , , 
2018/4/3, 17, , , 
2018/4/4, 24, , , 
2018/4/5, 18, , , 
2018/4/6, 30, , , 
2018/4/7, 14, , , 
2018/4/8, 15, , , 
2018/4/9, 18, , , 
2018/4/10, 31, , , 
2018/4/11, 28, , , 
2018/4/12, 45, , , 
2018/4/13, 50, , , 
2018/4/14, 60, , , 
2018/4/16, 21, , , 
2018/4/17, 10, , , 
2018/4/18, 15, , , 
2018/4/19, 20, , , 
2018/4/20, 12, , , 
2018/4/21, 12, , , 
2018/4/22, 19, , , 
2018/4/23, 47, , , 
2018/4/24, 14, , , 
2018/4/25, 12, , , 
2018/4/26, 32, , , 
2018/4/27, 15, , , 
2018/4/28, 20, , , 
2018/4/29, 10, , , 
2018/4/30, 11, , , 
2018/5/1, 27, , , 
2018/5/2, 35, , , 
2018/5/3, 49, 42, 11, 
2018/5/4, 43, 45, 9, 1
2018/5/5, 12, 39, 13, 2
2018/5/6, 23, 42, 15, 2
2018/5/7, 27, 43, 14, 1
2018/5/8, 19, 36, 16, 2
2018/5/9, 20, 29, 8, 1
2018/5/10, 31, , , 
2018/5/11, 18, , , 
2018/5/12, 19, , , 
2018/5/13, 8, , , 
2018/5/14, 12, , , 
2018/5/15, 37, , , 
2018/5/16, 16, , , 
2018/5/17, 29, , , 
2018/5/18, 17, , , 
2018/5/19, 16, , , 
2018/5/20, 10, , , 
2018/5/21, 14, 28, 19, 2
2018/5/22, 17, 33, 15, 2
2018/5/23, 20, 59, 13, 2
2018/5/24, 26, 66, 11, 2
2018/5/25, 27, 62, 12, 2
2018/5/26, 35, 37, 6, 2
2018/5/27, 27, 20, 6, 1
2018/5/28, 8, 47, 16, 3
2018/5/29, 40, 32, 7, 1
2018/5/30, 9, 23, 9, 2
2018/5/31, 20, 20, 14, 2
2018/6/1, 27, 44, 11, 2
2018/6/2, 36, 23, 2, 1
2018/6/3, 9, 27, 8, 1
2018/6/4, 14, 36, 12, 2
2018/6/5, 14, 23, 9, 1
2018/6/6, 13, 23, 8, 1
2018/6/7, 8, 18, 8, 1
2018/6/8, 25, , , 
2018/6/9, 35, , , 
2018/6/10, 16, , , 
2018/6/11, 10, , , 
2018/6/12, 12, , , 
2018/6/13, 19, , , 
2018/6/14, 13, , , 
2018/6/15, 6, , , 
2018/6/16, 9, 64, 11, 2
2018/6/17, 34, 44, 8, 2
2018/6/18, 41, 37, 14, 1
2018/6/19, 24, 36, 13, 1
2018/6/20, 15, 56, 19, 2
2018/6/21, 29, 33, 10, 1
2018/6/22, 13, 25, 9, 1
2018/6/23, 25, 35, 7, 2
2018/6/24, 26, 30, 12, 1
2018/6/25, 12, 27, 8, 1
2018/6/26, 12, 29, 5, 1
2018/6/27, 8, , , 
2018/6/28, 15, 30, , 
2018/6/29, 24, 65, 15, 2
2018/6/30, 38, 79, 14, 3
2018/1/1, 36, , , 
2018/1/2, 46, , , 
2018/1/3, 49, , , 
2018/1/4, 37, , , 
2018/1/5, 36, , , 
2018/1/6, 35, , , 
2018/1/7, 37, , , 
2018/1/8, 45, , , 
2018/1/9, 55, , , 
2018/1/10, 44, , , 
2018/1/11, 54, , , 
2018/1/12, 22, , , 
2018/1/13, 29, , , 
2018/1/14, 31, , , 
2018/1/15, 37, , , 
2018/1/16, 48, , , 
2018/1/17, 50, , , 
2018/1/18, 47, , , 
2018/1/19, 52, , , 
2018/1/20, 45, , , 
2018/1/21, 56, , , 
2018/1/22, 66, , , 
2018/1/23, 29, , , 
2018/1/24, 28, , , 
2018/1/25, 27, , , 
2018/1/26, 33, , , 
2018/1/27, 32, , 14, 
2018/1/28, 39, , 13, 
2018/1/29, 30, , 14, 
2018/1/30, 26, , 19, 
2018/1/31, 21, , 28, 
2018/2/1, 36, , 17, 
2018/2/2, 32, , 13, 
2018/2/3, 28, , , 
2018/2/4, 24, , , 
2018/2/5, 32, , , 
2018/2/6, 39, , , 
2018/2/7, 33, , , 
2018/2/8, 37, , , 
2018/2/9, 46, , , 
2018/2/10, 48, , , 
2018/2/11, 32, , , 
2018/2/12, 31, , , 
2018/2/13, 29, , , 
2018/2/14, 32, , , 
2018/2/15, 44, , , 
2018/2/16, 27, , , 
2018/2/17, 25, , , 
2018/2/18, 35, , , 
2018/2/19, 35, , , 
2018/2/20, 47, , , 
2018/2/21, 39, , , 
2018/2/22, 20, , , 
2018/2/23, 16, , , 
2018/2/24, 28, , , 
2018/2/25, 20, , , 
2018/2/26, 29, , , 
2018/2/27, 16, , , 
2018/2/28, 20, , , 
2018/3/1, 43, , , 
2018/3/2, 12, , , 
2018/3/3, 17, , , 
2018/3/4, 9, , , 
2018/3/5, 16, , , 
2018/3/6, 19, , , 
2018/3/7, 9, , , 
2018/3/8, 20, , , 
2018/3/9, 22, , , 
2018/3/10, 19, , , 
2018/3/11, 18, , , 
2018/3/12, 16, , , 
2018/3/13, 15, , , 
2018/3/14, 16, , , 
2018/3/15, 28, , , 
2018/3/16, 26, , , 
2018/3/17, 18, , , 
2018/3/18, 14, , , 
2018/3/19, 21, , , 
2018/3/20, 17, , , 
2018/3/21, 18, , , 
2018/3/22, 19, , , 
2018/3/23, 19, , , 
2018/3/24, 14, , , 
2018/3/25, 20, , , 
2018/3/26, 21, , , 
2018/3/27, 17, , , 
2018/3/28, 32, , , 
2018/3/29, 37, , , 
2018/3/30, 39, , , 
2018/3/31, 13, , , 
2017/10/1, 12, , , 
2017/10/2, 29, , , 
2017/10/3, 16, , , 
2017/10/4, 22, , , 
2017/10/5, 40, , , 
2017/10/6, 41, , , 
2017/10/7, 26, , , 
2017/10/8, 14, , , 
2017/10/9, 17, , , 
2017/10/10, 23, , , 
2017/10/11, 29, , , 
2017/10/12, 13, , , 
2017/10/13, 15, , , 
2017/10/14, 23, , , 
2017/10/15, 21, , , 
2017/10/16, 8, , , 
2017/10/17, 16, , , 
2017/10/18, 31, , , 
2017/10/19, 29, , , 
2017/10/22, 25, , , 
2017/10/23, 8, , , 
2017/10/24, 16, , , 
2017/10/25, 13, , , 
2017/10/26, 14, , , 
2017/10/27, 24, , , 
2017/10/28, 24, , , 
2017/10/29, 7, , , 
2017/10/30, 15, , , 
2017/10/31, 25, , , 
2017/11/1, 16, , , 
2017/11/2, 17, , , 
2017/11/3, 18, , , 
2017/11/4, 13, , , 
2017/11/5, 16, , , 
2017/11/6, 21, , , 
2017/11/7, 17, , , 
2017/11/8, 19, , , 
2017/11/9, 16, , , 
2017/11/10, 13, , , 
2017/11/11, 13, , , 
2017/11/12, 29, , , 
2017/11/13, 39, , , 
2017/11/14, 30, , , 
2017/11/15, 19, , , 
2017/11/16, 13, , , 
2017/11/17, 13, , , 
2017/11/18, 24, , , 
2017/11/19, 16, , , 
2017/11/20, 24, , , 
2017/11/21, 30, , , 
2017/11/22, 27, , , 
2017/11/23, 20, , , 
2017/11/24, 35, , , 
2017/11/25, 39, , , 
2017/11/26, 17, , , 
2017/11/27, 32, , , 
2017/11/28, 26, , , 
2017/11/29, 30, , , 
2017/11/30, 23, , , 
2017/12/1, 29, , , 
2017/12/2, 25, , , 
2017/12/3, 38, , , 
2017/12/4, 57, , , 
2017/12/5, 26, , , 
2017/12/6, 20, , , 
2017/12/7, 29, , , 
2017/12/8, 30, , , 
2017/12/9, 35, , , 
2017/12/10, 40, , , 
2017/12/11, 34, , , 
2017/12/12, 28, , , 
2017/12/13, 19, , , 
2017/12/14, 33, , , 
2017/12/15, 31, , , 
2017/12/16, 41, , , 
2017/12/17, 37, , , 
2017/12/18, 52, , , 
2017/12/19, 38, , , 
2017/12/20, 28, , , 
2017/12/21, 28, , , 
2017/12/22, 37, , , 
2017/12/23, 36, , , 
2017/12/24, 23, , , 
2017/12/25, 28, , , 
2017/12/26, 28, , , 
2017/12/27, 32, , , 
2017/12/28, 25, , , 
2017/12/29, 27, , , 
2017/12/30, 43, , , 
2017/12/31, 32, , , 
2017/7/1, 19, , , 
2017/7/2, 21, , , 
2017/7/3, 37, , , 
2017/7/4, 34, , , 
2017/7/5, 35, , , 
2017/7/6, 7, , , 
2017/7/7, 16, , , 
2017/7/8, 22, , , 
2017/7/9, 18, , , 
2017/7/10, 28, , , 
2017/7/11, 39, , , 
2017/7/12, 40, , , 
2017/7/13, 49, , , 
2017/7/14, 15, , , 
2017/7/15, 11, , , 
2017/7/16, 15, , , 
2017/7/17, 27, , , 
2017/7/18, 11, , , 
2017/7/19, 41, , , 
2017/7/20, 58, , , 
2017/7/21, 32, , , 
2017/7/22, 45, , , 
2017/7/23, 39, , , 
2017/7/24, 17, , , 
2017/7/25, 15, , , 
2017/7/26, 7, , , 
2017/7/27, 13, , , 
2017/7/28, 34, , , 
2017/7/29, 10, , , 
2017/7/30, 12, , , 
2017/7/31, 30, , , 
2017/8/1, 52, , , 
2017/8/2, 50, , , 
2017/8/3, 48, , , 
2017/8/4, 18, , , 
2017/8/5, 7, , , 
2017/8/6, 9, , , 
2017/8/7, 20, , , 
2017/8/8, 22, , , 
2017/8/9, 37, , , 
2017/8/10, 42, , , 
2017/8/11, 7, , , 
2017/8/12, 10, , , 
2017/8/13, 18, , , 
2017/8/14, 27, , , 
2017/8/15, 31, , , 
2017/8/16, 39, , , 
2017/8/17, 27, , , 
2017/8/18, 25, , , 
2017/8/19, 25, , , 
2017/8/20, 25, , , 
2017/8/21, 49, , , 
2017/8/22, 44, , , 
2017/8/23, 17, , , 
2017/8/24, 25, , , 
2017/8/25, 17, , , 
2017/8/26, 23, , , 
2017/8/27, 26, , , 
2017/8/28, 17, , , 
2017/8/29, 7, , , 
2017/8/30, 15, , , 
2017/8/31, 33, , , 
2017/9/1, 5, , , 
2017/9/2, 9, , , 
2017/9/3, 12, , , 
2017/9/4, 39, , , 
2017/9/5, 52, , , 
2017/9/9, 9, , , 
2017/9/10, 10, , , 
2017/9/11, 21, , , 
2017/9/12, 32, , , 
2017/9/13, 34, , , 
2017/9/14, 29, , , 
2017/9/15, 36, , , 
2017/9/16, 47, , , 
2017/9/17, 34, , , 
2017/9/18, 15, , , 
2017/9/19, 24, , , 
2017/9/20, 18, , , 
2017/9/21, 32, , , 
2017/9/22, 17, , , 
2017/9/23, 28, , , 
2017/9/24, 46, , , 
2017/9/25, 44, , , 
2017/9/26, 13, , , 
2017/9/27, 25, , , 
2017/9/28, 8, , , 
2017/9/29, 13, , , 
2017/9/30, 16, , , 
2017/4/1, 9, , , 
2017/4/2, 14, , , 
2017/4/3, 33, , , 
2017/4/4, 26, , , 
2017/4/5, 24, , , 
2017/4/6, 11, , , 
2017/4/7, 8, , , 
2017/4/8, 9, , , 
2017/4/9, 20, , , 
2017/4/10, 34, , , 
2017/4/11, 43, , , 
2017/4/12, 50, , , 
2017/4/13, 12, , , 
2017/4/14, 18, , , 
2017/4/15, 20, , , 
2017/4/16, 30, , , 
2017/4/17, 19, , , 
2017/4/18, 17, , , 
2017/4/19, 11, , , 
2017/4/20, 28, , , 
2017/4/21, 18, , , 
2017/4/22, 10, , , 
2017/4/23, 9, , , 
2017/4/24, 14, , , 
2017/4/25, 7, , , 
2017/4/26, 24, , , 
2017/4/27, 20, , , 
2017/4/28, 41, , , 
2017/4/29, 24, , , 
2017/4/30, 11, , , 
2017/5/1, 29, , , 
2017/5/2, 26, , , 
2017/5/3, 17, , , 
2017/5/4, 12, , , 
2017/5/5, 18, , , 
2017/5/6, 20, , , 
2017/5/7, 4, , , 
2017/5/8, 12, , , 
2017/5/9, 21, , , 
2017/5/10, 21, , , 
2017/5/11, 15, , , 
2017/5/12, 7, , , 
2017/5/13, 3, , , 
2017/5/14, 10, , , 
2017/5/15, 11, , , 
2017/5/16, 19, , , 
2017/5/17, 50, , , 
2017/5/18, 53, , , 
2017/5/19, 42, , , 
2017/5/20, 8, , , 
2017/5/21, 10, , , 
2017/5/22, 8, , , 
2017/5/23, 15, , , 
2017/5/24, 15, , , 
2017/5/25, 5, , , 
2017/5/26, 10, , , 
2017/5/27, 10, , , 
2017/5/28, 10, , , 
2017/5/29, 7, , , 
2017/5/30, 8, , , 
2017/5/31, 15, , , 
2017/6/1, 14, , , 
2017/6/2, 14, , , 
2017/6/3, 14, , , 
2017/6/4, 17, , , 
2017/6/5, 39, , , 
2017/6/6, 4, , , 
2017/6/7, 15, , , 
2017/6/8, 18, , , 
2017/6/9, 23, , , 
2017/6/10, 40, , , 
2017/6/11, 40, , , 
2017/6/12, 53, , , 
2017/6/13, 56, , , 
2017/6/14, 28, , , 
2017/6/15, 11, , , 
2017/6/16, 18, , , 
2017/6/17, 15, , , 
2017/6/18, 29, , , 
2017/6/19, 26, , , 
2017/6/20, 12, , , 
2017/6/21, 26, , , 
2017/6/22, 35, , , 
2017/6/23, 37, , , 
2017/6/24, 13, , , 
2017/6/25, 18, , , 
2017/6/26, 16, , , 
2017/6/27, 18, , , 
2017/6/28, 17, , , 
2017/6/29, 20, , , 
2017/6/30, 36, , , 
2017/1/2, 40, , , 
2017/1/3, 21, , , 
2017/1/4, 36, , , 
2017/1/5, 38, , , 
2017/1/6, 42, , , 
2017/1/7, 41, , , 
2017/1/8, 39, , , 
2017/1/9, 37, , , 
2017/1/10, 32, , , 
2017/1/11, 45, , , 
2017/1/12, 42, , , 
2017/1/13, 37, , , 
2017/1/14, 30, , , 
2017/1/15, 41, , , 
2017/1/16, 52, , , 
2017/1/17, 52, , , 
2017/1/18, 34, , , 
2017/1/19, 37, , , 
2017/1/20, 31, , , 
2017/1/21, 44, , , 
2017/1/22, 46, , , 
2017/1/23, 17, , , 
2017/1/24, 19, , , 
2017/1/25, 31, , , 
2017/1/26, 31, , , 
2017/1/27, 18, , , 
2017/1/29, 36, , , 
2017/1/30, 33, , , 
2017/1/31, 35, , , 
2017/2/1, 34, , , 
2017/2/2, 30, , , 
2017/2/3, 28, , , 
2017/2/4, 29, , , 
2017/2/5, 37, , , 
2017/2/6, 50, , , 
2017/2/7, 58, , , 
2017/2/8, 47, , , 
2017/2/9, 24, , , 
2017/2/10, 25, , , 
2017/2/11, 44, , , 
2017/2/12, 33, , , 
2017/2/13, 23, , , 
2017/2/14, 29, , , 
2017/2/15, 34, , , 
2017/2/16, 28, , , 
2017/2/17, 34, , , 
2017/2/18, 43, , , 
2017/2/19, 49, , , 
2017/2/20, 25, , , 
2017/2/21, 24, , , 
2017/2/22, 36, , , 
2017/2/23, 55, , , 
2017/2/24, 28, , , 
2017/2/25, 14, , , 
2017/2/26, 22, , , 
2017/2/27, 36, , , 
2017/2/28, 32, , , 
2017/3/1, 29, , , 
2017/3/2, 27, , , 
2017/3/3, 21, , , 
2017/3/4, 16, , , 
2017/3/5, 16, , , 
2017/3/6, 31, , , 
2017/3/7, 41, , , 
2017/3/8, 19, , , 
2017/3/9, 21, , , 
2017/3/10, 19, , , 
2017/3/11, 15, , , 
2017/3/12, 18, , , 
2017/3/13, 23, , , 
2017/3/14, 20, , , 
2017/3/15, 21, , , 
2017/3/16, 26, , , 
2017/3/17, 32, , , 
2017/3/18, 37, , , 
2017/3/19, 17, , , 
2017/3/20, 26, , , 
2017/3/21, 43, , , 
2017/3/22, 23, , , 
2017/3/23, 22, , , 
2017/3/24, 28, , , 
2017/3/25, 54, , , 
2017/3/26, 22, , , 
2017/3/27, 42, , , 
2017/3/28, 27, , , 
2017/3/29, 12, , , 
2017/3/30, 12, , , 
2017/3/31, 6, , , 
2016/10/1, 6, , , 
2016/10/2, 18, , , 
2016/10/3, 37, , , 
2016/10/4, 18, , , 
2016/10/5, 20, , , 
2016/10/6, 31, , , 
2016/10/7, 31, , , 
2016/10/8, 22, , , 
2016/10/9, 9, , , 
2016/10/10, 10, , , 
2016/10/11, 18, , , 
2016/10/12, 22, , , 
2016/10/13, 26, , , 
2016/10/14, 15, , , 
2016/10/15, 18, , , 
2016/10/16, 21, , , 
2016/10/17, 48, , , 
2016/10/18, 53, , , 
2016/10/19, 36, , , 
2016/10/20, 26, , , 
2016/10/21, 12, , , 
2016/10/22, 7, , , 
2016/10/23, 15, , , 
2016/10/24, 20, , , 
2016/10/25, 12, , , 
2016/10/26, 10, , , 
2016/10/27, 15, , , 
2016/10/28, 8, , , 
2016/10/29, 18, , , 
2016/10/30, 43, , , 
2016/10/31, 12, , , 
2016/11/1, 16, , , 
2016/11/2, 34, , , 
2016/11/3, 41, , , 
2016/11/4, 14, , , 
2016/11/5, 25, , , 
2016/11/6, 19, , , 
2016/11/7, 19, , , 
2016/11/8, 40, , , 
2016/11/9, 47, , , 
2016/11/10, 13, , , 
2016/11/11, 20, , , 
2016/11/12, 14, , , 
2016/11/13, 23, , , 
2016/11/14, 42, , , 
2016/11/15, 27, , , 
2016/11/16, 46, , , 
2016/11/17, 49, , , 
2016/11/18, 54, , , 
2016/11/19, 30, , , 
2016/11/20, 5, , , 
2016/11/21, 12, , , 
2016/11/22, 17, , , 
2016/11/23, 22, , , 
2016/11/24, 31, , , 
2016/11/25, 53, , , 
2016/11/26, 27, , , 
2016/11/27, 16, , , 
2016/11/28, 36, , , 
2016/11/29, 27, , , 
2016/11/30, 43, , , 
2016/12/1, 18, , , 
2016/12/2, 17, , , 
2016/12/3, 15, , , 
2016/12/4, 20, , , 
2016/12/5, 28, , , 
2016/12/6, 25, , , 
2016/12/7, 34, , , 
2016/12/8, 35, , , 
2016/12/9, 22, , , 
2016/12/10, 27, , , 
2016/12/11, 29, , , 
2016/12/12, 37, , , 
2016/12/13, 41, , , 
2016/12/14, 36, , , 
2016/12/15, 24, , , 
2016/12/16, 34, , , 
2016/12/17, 33, , , 
2016/12/18, 40, , , 
2016/12/19, 28, , , 
2016/12/20, 31, , , 
2016/12/21, 56, , , 
2016/12/22, 47, , , 
2016/12/23, 41, , , 
2016/12/24, 42, , , 
2016/12/25, 31, , , 
2016/12/26, 24, , , 
2016/12/27, 30, , , 
2016/12/28, 33, , , 
2016/12/29, 29, , , 
2016/12/30, 31, , , 
2016/12/31, 28, , , 
2017/1/1, 47, , , 
2016/7/1, 23, , , 
2016/7/2, 10, , , 
2016/7/3, 20, , , 
2016/7/4, 33, , , 
2016/7/5, 15, , , 
2016/7/6, 44, , , 
2016/7/7, 47, , , 
2016/7/8, 36, , , 
2016/7/9, 10, , , 
2016/7/10, 7, , , 
2016/7/11, 10, , , 
2016/7/12, 9, , , 
2016/7/13, 10, , , 
2016/7/14, 31, , , 
2016/7/15, 43, , , 
2016/7/16, 32, , , 
2016/7/17, 29, , , 
2016/7/18, 37, , , 
2016/7/19, 13, , , 
2016/7/20, 13, , , 
2016/7/21, 30, , , 
2016/7/22, 48, , , 
2016/7/23, 21, , , 
2016/7/24, 26, , , 
2016/7/25, 32, , , 
2016/7/26, 21, , , 
2016/7/27, 23, , , 
2016/7/28, 48, , , 
2016/7/29, 41, , , 
2016/7/30, 45, , , 
2016/7/31, 22, , , 
2016/8/1, 23, , , 
2016/8/2, 26, , , 
2016/8/3, 34, , , 
2016/8/4, 27, , , 
2016/8/5, 15, , , 
2016/8/6, 26, , , 
2016/8/7, 10, , , 
2016/8/8, 27, , , 
2016/8/9, 28, , , 
2016/8/10, 22, , , 
2016/8/11, 39, , , 
2016/8/12, 36, , , 
2016/8/13, 43, , , 
2016/8/14, 23, , , 
2016/8/15, 26, , , 
2016/8/16, 33, , , 
2016/8/17, 7, , , 
2016/8/18, 29, , , 
2016/8/19, 25, , , 
2016/8/20, 19, , , 
2016/8/21, 13, , , 
2016/8/22, 6, , , 
2016/8/23, 15, , , 
2016/8/24, 31, , , 
2016/8/25, 25, , , 
2016/8/26, 32, , , 
2016/8/27, 23, , , 
2016/8/28, 16, , , 
2016/8/29, 21, , , 
2016/8/30, 12, , , 
2016/8/31, 29, , , 
2016/9/1, 40, , , 
2016/9/2, 10, , , 
2016/9/3, 15, , , 
2016/9/4, 10, , , 
2016/9/5, 12, , , 
2016/9/6, 12, , , 
2016/9/7, 23, , , 
2016/9/8, 43, , , 
2016/9/9, 47, , , 
2016/9/10, 52, , , 
2016/9/11, 22, , , 
2016/9/12, 8, , , 
2016/9/13, 13, , , 
2016/9/14, 30, , , 
2016/9/15, 10, , , 
2016/9/16, 6, , , 
2016/9/17, 7, , , 
2016/9/18, 20, , , 
2016/9/19, 16, , , 
2016/9/20, 26, , , 
2016/9/21, 33, , , 
2016/9/22, 26, , , 
2016/9/23, 31, , , 
2016/9/24, 14, , , 
2016/9/25, 9, , , 
2016/9/26, 8, , , 
2016/9/27, 22, , , 
2016/9/28, 28, , , 
2016/9/29, 10, , , 
2016/9/30, 7, , , 
2016/4/1, 23, , , 
2016/4/2, 16, , , 
2016/4/3, 15, , , 
2016/4/4, 33, , , 
2016/4/5, 16, , , 
2016/4/6, 15, , , 
2016/4/7, 14, , , 
2016/4/8, 15, , , 
2016/4/9, 20, , , 
2016/4/10, 16, , , 
2016/4/11, 27, , , 
2016/4/12, 25, , , 
2016/4/13, 16, , , 
2016/4/14, 23, , , 
2016/4/15, 25, , , 
2016/4/16, 21, , , 
2016/4/17, 27, , , 
2016/4/18, 34, , , 
2016/4/19, 27, , , 
2016/4/20, 15, , , 
2016/4/21, 24, , , 
2016/4/22, 53, , , 
2016/4/23, 23, , , 
2016/4/24, 17, , , 
2016/4/25, 37, , , 
2016/4/26, 37, , , 
2016/4/27, 10, , , 
2016/4/28, 15, , , 
2016/4/29, 14, , , 
2016/4/30, 16, , , 
2016/5/1, 9, , , 
2016/5/2, 19, , , 
2016/5/3, 9, , , 
2016/5/4, 9, , , 
2016/5/5, 7, , , 
2016/5/6, 14, , , 
2016/5/7, 13, , , 
2016/5/8, 11, , , 
2016/5/9, 34, , , 
2016/5/10, 15, , , 
2016/5/11, 33, , , 
2016/5/12, 44, , , 
2016/5/13, 41, , , 
2016/5/14, 20, , , 
2016/5/15, 5, , , 
2016/5/16, 8, , , 
2016/5/17, 20, , , 
2016/5/18, 18, , , 
2016/5/19, 27, , , 
2016/5/20, 22, , , 
2016/5/21, 15, , , 
2016/5/22, 14, , , 
2016/5/23, 23, , , 
2016/5/24, 34, , , 
2016/5/25, 54, , , 
2016/5/26, 61, , , 
2016/5/27, 58, , , 
2016/5/28, 48, , , 
2016/5/29, 17, , , 
2016/5/30, 14, , , 
2016/5/31, 15, , , 
2016/6/1, 27, , , 
2016/6/2, 19, , , 
2016/6/3, 14, , , 
2016/6/4, 32, , , 
2016/6/5, 11, , , 
2016/6/6, 19, , , 
2016/6/7, 26, , , 
2016/6/8, 11, , , 
2016/6/9, 9, , , 
2016/6/10, 14, , , 
2016/6/11, 45, , , 
2016/6/12, 27, , , 
2016/6/13, 45, , , 
2016/6/14, 22, , , 
2016/6/15, 37, , , 
2016/6/16, 35, , , 
2016/6/17, 31, , , 
2016/6/18, 28, , , 
2016/6/19, 25, , , 
2016/6/20, 25, , , 
2016/6/21, 34, , , 
2016/6/22, 26, , , 
2016/6/23, 49, , , 
2016/6/24, 43, , , 
2016/6/25, 30, , , 
2016/6/26, 25, , , 
2016/6/27, 31, , , 
2016/6/28, 14, , , 
2016/6/29, 17, , , 
2016/6/30, 21, , , 
2016/1/4, 38, , , 
2016/1/5, 47, , , 
2016/1/6, 49, , , 
2016/1/7, 64, , , 
2016/1/8, 52, , , 
2016/1/9, 45, , , 
2016/1/10, 26, , , 
2016/1/11, 33, , , 
2016/1/12, 33, , , 
2016/1/13, 41, , , 
2016/1/14, 47, , , 
2016/1/15, 62, , , 
2016/1/16, 43, , , 
2016/1/17, 32, , , 
2016/1/18, 39, , , 
2016/1/19, 31, , , 
2016/1/20, 29, , , 
2016/1/21, 32, , , 
2016/1/22, 26, , , 
2016/1/23, 22, , , 
2016/1/24, 36, , , 
2016/1/25, 52, , , 
2016/1/26, 38, , , 
2016/1/27, 42, , , 
2016/1/28, 42, , , 
2016/1/29, 44, , , 
2016/1/30, 38, , , 
2016/1/31, 44, , , 
2016/2/1, 50, , , 
2016/2/2, 35, , , 
2016/2/3, 26, , , 
2016/2/4, 33, , , 
2016/2/5, 24, , , 
2016/2/6, 32, , , 
2016/2/7, 47, , , 
2016/2/8, 27, , , 
2016/2/9, 38, , , 
2016/2/10, 37, , , 
2016/2/11, 24, , , 
2016/2/12, 23, , , 
2016/2/13, 29, , , 
2016/2/14, 26, , , 
2016/2/15, 45, , , 
2016/2/16, 29, , , 
2016/2/17, 40, , , 
2016/2/18, 24, , , 
2016/2/19, 27, , , 
2016/2/20, 32, , , 
2016/2/21, 40, , , 
2016/2/22, 27, , , 
2016/2/23, 21, , , 
2016/2/24, 14, , , 
2016/2/25, 19, , , 
2016/2/26, 21, , , 
2016/2/27, 24, , , 
2016/2/28, 41, , , 
2016/2/29, 26, , , 
2016/3/1, 21, , , 
2016/3/2, 30, , , 
2016/3/3, 20, , , 
2016/3/4, 26, , , 
2016/3/5, 23, , , 
2016/3/6, 30, , , 
2016/3/7, 46, , , 
2016/3/8, 64, , , 
2016/3/9, 63, , , 
2016/3/10, 57, , , 
2016/3/11, 18, , , 
2016/3/12, 16, , , 
2016/3/13, 33, , , 
2016/3/14, 12, , , 
2016/3/15, 22, , , 
2016/3/16, 25, , , 
2016/3/17, 17, , , 
2016/3/18, 18, , , 
2016/3/19, 14, , , 
2016/3/20, 15, , , 
2016/3/21, 20, , , 
2016/3/22, 25, , , 
2016/3/23, 45, , , 
2016/3/24, 44, , , 
2016/3/25, 33, , , 
2016/3/26, 20, , , 
2016/3/27, 14, , , 
2016/3/28, 17, , , 
2016/3/29, 16, , , 
2016/3/30, 24, , , 
2016/3/31, 29, , , 
2015/10/1, 10, , , 
2015/10/2, 7, , , 
2015/10/3, 6, , , 
2015/10/4, 13, , , 
2015/10/5, 18, , , 
2015/10/6, 26, , , 
2015/10/7, 22, , , 
2015/10/8, 31, , , 
2015/10/9, 25, , , 
2015/10/10, 12, , , 
2015/10/11, 19, , , 
2015/10/12, 38, , , 
2015/10/13, 29, , , 
2015/10/14, 21, , , 
2015/10/15, 15, , , 
2015/10/16, 20, , , 
2015/10/17, 12, , , 
2015/10/18, 10, , , 
2015/10/19, 18, , , 
2015/10/20, 28, , , 
2015/10/21, 52, , , 
2015/10/22, 38, , , 
2015/10/23, 24, , , 
2015/10/24, 9, , , 
2015/10/25, 13, , , 
2015/10/26, 42, , , 
2015/10/27, 27, , , 
2015/10/28, 5, , , 
2015/10/29, 14, , , 
2015/10/30, 17, , , 
2015/10/31, 20, , , 
2015/11/1, 36, , , 
2015/11/2, 44, , , 
2015/11/3, 52, , , 
2015/11/4, 49, , , 
2015/11/5, 46, , , 
2015/11/6, 31, , , 
2015/11/7, 19, , , 
2015/11/8, 17, , , 
2015/11/9, 36, , , 
2015/11/10, 12, , , 
2015/11/11, 18, , , 
2015/11/12, 16, , , 
2015/11/13, 20, , , 
2015/11/14, 15, , , 
2015/11/15, 24, , , 
2015/11/16, 46, , , 
2015/11/17, 15, , , 
2015/11/18, 11, , , 
2015/11/19, 18, , , 
2015/11/20, 20, , , 
2015/11/21, 21, , , 
2015/11/22, 20, , , 
2015/11/23, 19, , , 
2015/11/24, 33, , , 
2015/11/25, 44, , , 
2015/11/26, 38, , , 
2015/11/27, 24, , , 
2015/11/28, 34, , , 
2015/11/29, 19, , , 
2015/11/30, 17, , , 
2015/12/1, 13, , , 
2015/12/2, 32, , , 
2015/12/3, 26, , , 
2015/12/4, 34, , , 
2015/12/5, 44, , , 
2015/12/6, 56, , , 
2015/12/7, 67, , , 
2015/12/8, 51, , , 
2015/12/9, 54, , , 
2015/12/10, 55, , , 
2015/12/11, 60, , , 
2015/12/12, 74, , , 
2015/12/13, 65, , , 
2015/12/14, 34, , , 
2015/12/15, 17, , , 
2015/12/16, 20, , , 
2015/12/17, 20, , , 
2015/12/18, 25, , , 
2015/12/19, 29, , , 
2015/12/20, 32, , , 
2015/12/21, 24, , , 
2015/12/22, 36, , , 
2015/12/23, 34, , , 
2015/12/24, 32, , , 
2015/12/25, 55, , , 
2015/12/26, 25, , , 
2015/12/27, 27, , , 
2015/12/28, 25, , , 
2015/12/29, 28, , , 
2015/12/30, 38, , , 
2015/12/31, 34, , , 
2016/1/2, 43, , , 
2016/1/3, 47, , , 
2015/7/1, 55, , , 
2015/7/2, 45, , , 
2015/7/3, 30, , , 
2015/7/4, 29, , , 
2015/7/5, 46, , , 
2015/7/6, 30, , , 
2015/7/7, 37, , , 
2015/7/8, 56, , , 
2015/7/9, 48, , , 
2015/7/10, 32, , , 
2015/7/11, 44, , , 
2015/7/12, 44, , , 
2015/7/13, 31, , , 
2015/7/14, 30, , , 
2015/7/15, 46, , , 
2015/7/16, 17, , , 
2015/7/17, 13, , , 
2015/7/18, 30, , , 
2015/7/19, 51, , , 
2015/7/20, 47, , , 
2015/7/21, 46, , , 
2015/7/22, 9, , , 
2015/7/23, 13, , , 
2015/7/24, 22, , , 
2015/7/25, 32, , , 
2015/7/26, 28, , , 
2015/7/27, 27, , , 
2015/7/28, 51, , , 
2015/7/29, 65, , , 
2015/7/30, 37, , , 
2015/7/31, 21, , , 
2015/8/1, 23, , , 
2015/8/2, 19, , , 
2015/8/3, 26, , , 
2015/8/4, 26, , , 
2015/8/5, 34, , , 
2015/8/6, 11, , , 
2015/8/7, 13, , , 
2015/8/8, 10, , , 
2015/8/9, 15, , , 
2015/8/10, 6, , , 
2015/8/11, 15, , , 
2015/8/12, 18, , , 
2015/8/13, 10, , , 
2015/8/14, 29, , , 
2015/8/15, 48, , , 
2015/8/16, 48, , , 
2015/8/17, 47, , , 
2015/8/18, 26, , , 
2015/8/19, 5, , , 
2015/8/20, 9, , , 
2015/8/21, 20, , , 
2015/8/22, 13, , , 
2015/8/23, 18, , , 
2015/8/24, 25, , , 
2015/8/25, 40, , , 
2015/8/26, 22, , , 
2015/8/27, 14, , , 
2015/8/28, 13, , , 
2015/8/29, 33, , , 
2015/8/30, 43, , , 
2015/8/31, 61, , , 
2015/9/1, 66, , , 
2015/9/2, 63, , , 
2015/9/3, 84, , , 
2015/9/4, 58, , , 
2015/9/5, 8, , , 
2015/9/6, 14, , , 
2015/9/7, 30, , , 
2015/9/8, 32, , , 
2015/9/9, 17, , , 
2015/9/10, 21, , , 
2015/9/11, 16, , , 
2015/9/12, 14, , , 
2015/9/13, 14, , , 
2015/9/14, 13, , , 
2015/9/15, 32, , , 
2015/9/16, 46, , , 
2015/9/17, 48, , , 
2015/9/18, 54, , , 
2015/9/19, 28, , , 
2015/9/20, 11, , , 
2015/9/21, 12, , , 
2015/9/22, 19, , , 
2015/9/23, 19, , , 
2015/9/24, 29, , , 
2015/9/25, 16, , , 
2015/9/26, 11, , , 
2015/9/27, 14, , , 
2015/9/28, 16, , , 
2015/9/29, 17, , , 
2015/9/30, 8, , , 
2015/4/1, 24, , , 
2015/4/2, 34, , , 
2015/4/3, 40, , , 
2015/4/4, 16, , , 
2015/4/5, 22, , , 
2015/4/6, 32, , , 
2015/4/7, 38, , , 
2015/4/8, 17, , , 
2015/4/9, 11, , , 
2015/4/10, 23, , , 
2015/4/11, 17, , , 
2015/4/12, 27, , , 
2015/4/13, 26, , , 
2015/4/14, 23, , , 
2015/4/15, 20, , , 
2015/4/16, 17, , , 
2015/4/17, 27, , , 
2015/4/18, 37, , , 
2015/4/19, 16, , , 
2015/4/20, 13, , , 
2015/4/21, 17, , , 
2015/4/22, 24, , , 
2015/4/23, 8, , , 
2015/4/24, 8, , , 
2015/4/25, 15, , , 
2015/4/26, 7, , , 
2015/4/27, 7, , , 
2015/4/28, 12, , , 
2015/4/29, 23, , , 
2015/4/30, 11, , , 
2015/5/1, 10, , , 
2015/5/2, 26, , , 
2015/5/3, 27, , , 
2015/5/4, 50, , , 
2015/5/5, 52, , , 
2015/5/6, 29, , , 
2015/5/7, 39, , , 
2015/5/8, 40, , , 
2015/5/9, 37, , , 
2015/5/10, 31, , , 
2015/5/11, 62, , , 
2015/5/12, 41, , , 
2015/5/13, 7, , , 
2015/5/14, 14, , , 
2015/5/15, 27, , , 
2015/5/16, 37, , , 
2015/5/17, 49, , , 
2015/5/18, 35, , , 
2015/5/19, 36, , , 
2015/5/20, 10, , , 
2015/5/21, 11, , , 
2015/5/22, 21, , , 
2015/5/23, 13, , , 
2015/5/24, 37, , , 
2015/5/25, 40, , , 
2015/5/26, 34, , , 
2015/5/27, 35, , , 
2015/5/28, 38, , , 
2015/5/29, 19, , , 
2015/5/30, 23, , , 
2015/5/31, 23, , , 
2015/6/1, 7, , , 
2015/6/2, 9, , , 
2015/6/3, 7, , , 
2015/6/4, 6, , , 
2015/6/5, 15, , , 
2015/6/6, 25, , , 
2015/6/7, 16, , , 
2015/6/8, 22, , , 
2015/6/9, 25, , , 
2015/6/10, 37, , , 
2015/6/11, 78, , , 
2015/6/12, 66, , , 
2015/6/13, 25, , , 
2015/6/14, 23, , , 
2015/6/15, 30, , , 
2015/6/16, 28, , , 
2015/6/17, 19, , , 
2015/6/18, 11, , , 
2015/6/19, 32, , , 
2015/6/20, 21, , , 
2015/6/21, 23, , , 
2015/6/22, 33, , , 
2015/6/23, 54, , , 
2015/6/24, 7, , , 
2015/6/25, 20, , , 
2015/6/26, 35, , , 
2015/6/27, 11, , , 
2015/6/28, 7, , , 
2015/6/29, 9, , , 
2015/6/30, 23, , , 
2015/1/1, 43, , , 
2015/1/2, 52, , , 
2015/1/3, 41, , , 
2015/1/4, 35, , , 
2015/1/5, 36, , , 
2015/1/6, 42, , , 
2015/1/7, 44, , , 
2015/1/8, 43, , , 
2015/1/9, 39, , , 
2015/1/10, 49, , , 
2015/1/11, 51, , , 
2015/1/12, 52, , , 
2015/1/13, 47, , , 
2015/1/14, 51, , , 
2015/1/15, 59, , , 
2015/1/16, 53, , , 
2015/1/17, 33, , , 
2015/1/18, 51, , , 
2015/1/19, 36, , , 
2015/1/20, 38, , , 
2015/1/21, 41, , , 
2015/1/22, 51, , , 
2015/1/23, 51, , , 
2015/1/24, 44, , , 
2015/1/25, 35, , , 
2015/1/26, 29, , , 
2015/1/27, 26, , , 
2015/1/28, 32, , , 
2015/1/29, 36, , , 
2015/1/30, 37, , , 
2015/1/31, 25, , , 
2015/2/1, 50, , , 
2015/2/2, 33, , , 
2015/2/3, 41, , , 
2015/2/4, 49, , , 
2015/2/5, 37, , , 
2015/2/6, 41, , , 
2015/2/7, 52, , , 
2015/2/8, 65, , , 
2015/2/9, 32, , , 
2015/2/10, 36, , , 
2015/2/11, 41, , , 
2015/2/12, 39, , , 
2015/2/13, 33, , , 
2015/2/14, 36, , , 
2015/2/15, 40, , , 
2015/2/16, 33, , , 
2015/2/17, 47, , , 
2015/2/18, 50, , , 
2015/2/19, 37, , , 
2015/2/20, 43, , , 
2015/2/21, 37, , , 
2015/2/22, 57, , , 
2015/2/23, 39, , , 
2015/2/24, 30, , , 
2015/2/25, 49, , , 
2015/2/26, 37, , , 
2015/2/27, 41, , , 
2015/2/28, 33, , , 
2015/3/1, 34, , , 
2015/3/2, 51, , , 
2015/3/3, 25, , , 
2015/3/4, 54, , , 
2015/3/5, 36, , , 
2015/3/6, 36, , , 
2015/3/7, 46, , , 
2015/3/8, 50, , , 
2015/3/9, 45, , , 
2015/3/10, 46, , , 
2015/3/11, 44, , , 
2015/3/12, 15, , , 
2015/3/13, 14, , , 
2015/3/14, 13, , , 
2015/3/15, 18, , , 
2015/3/16, 38, , , 
2015/3/17, 37, , , 
2015/3/18, 16, , , 
2015/3/19, 17, , , 
2015/3/20, 19, , , 
2015/3/21, 36, , , 
2015/3/22, 18, , , 
2015/3/23, 22, , , 
2015/3/24, 34, , , 
2015/3/25, 36, , , 
2015/3/26, 33, , , 
2015/3/27, 19, , , 
2015/3/28, 16, , , 
2015/3/29, 12, , , 
2015/3/30, 19, , , 
2015/3/31, 20, , , 
2014/10/1, 13, , , 
2014/10/2, 8, , , 
2014/10/3, 16, , , 
2014/10/4, 15, , , 
2014/10/5, 18, , , 
2014/10/6, 29, , , 
2014/10/7, 25, , , 
2014/10/8, 19, , , 
2014/10/9, 25, , , 
2014/10/10, 26, , , 
2014/10/11, 27, , , 
2014/10/12, 28, , , 
2014/10/13, 22, , , 
2014/10/14, 17, , , 
2014/10/15, 20, , , 
2014/10/16, 20, , , 
2014/10/17, 34, , , 
2014/10/18, 18, , , 
2014/10/19, 6, , , 
2014/10/20, 21, , , 
2014/10/21, 28, , , 
2014/10/22, 15, , , 
2014/10/23, 9, , , 
2014/10/24, 17, , , 
2014/10/25, 37, , , 
2014/10/26, 21, , , 
2014/10/27, 25, , , 
2014/10/28, 48, , , 
2014/10/29, 43, , , 
2014/10/30, 27, , , 
2014/10/31, 21, , , 
2014/11/1, 15, , , 
2014/11/2, 11, , , 
2014/11/3, 27, , , 
2014/11/4, 42, , , 
2014/11/5, 41, , , 
2014/11/6, 30, , , 
2014/11/7, 17, , , 
2014/11/8, 17, , , 
2014/11/9, 38, , , 
2014/11/10, 39, , , 
2014/11/11, 48, , , 
2014/11/12, 25, , , 
2014/11/13, 27, , , 
2014/11/14, 17, , , 
2014/11/15, 19, , , 
2014/11/16, 28, , , 
2014/11/17, 34, , , 
2014/11/18, 34, , , 
2014/11/19, 26, , , 
2014/11/20, 36, , , 
2014/11/21, 31, , , 
2014/11/22, 40, , , 
2014/11/23, 50, , , 
2014/11/24, 31, , , 
2014/11/25, 37, , , 
2014/11/26, 25, , , 
2014/11/27, 17, , , 
2014/11/28, 19, , , 
2014/11/29, 27, , , 
2014/11/30, 50, , , 
2014/12/1, 47, , , 
2014/12/2, 28, , , 
2014/12/3, 28, , , 
2014/12/4, 40, , , 
2014/12/5, 41, , , 
2014/12/6, 36, , , 
2014/12/7, 23, , , 
2014/12/8, 35, , , 
2014/12/9, 13, , , 
2014/12/10, 14, , , 
2014/12/11, 34, , , 
2014/12/12, 17, , , 
2014/12/13, 20, , , 
2014/12/14, 23, , , 
2014/12/15, 33, , , 
2014/12/16, 51, , , 
2014/12/17, 34, , , 
2014/12/18, 23, , , 
2014/12/19, 27, , , 
2014/12/20, 30, , , 
2014/12/21, 45, , , 
2014/12/22, 47, , , 
2014/12/23, 29, , , 
2014/12/24, 26, , , 
2014/12/25, 25, , , 
2014/12/26, 39, , , 
2014/12/27, 54, , , 
2014/12/28, 43, , , 
2014/7/1, 23, , , 
2014/7/2, 30, , , 
2014/7/3, 39, , , 
2014/7/4, 10, , , 
2014/7/5, 10, , , 
2014/7/6, 24, , , 
2014/7/7, 42, , , 
2014/7/8, 50, , , 
2014/7/9, 28, , , 
2014/7/10, 26, , , 
2014/7/11, 40, , , 
2014/7/12, 28, , , 
2014/7/13, 22, , , 
2014/7/14, 24, , , 
2014/7/15, 27, , , 
2014/7/16, 18, , , 
2014/7/17, 22, , , 
2014/7/18, 21, , , 
2014/7/19, 24, , , 
2014/7/20, 14, , , 
2014/7/21, 33, , , 
2014/7/22, 29, , , 
2014/7/23, 25, , , 
2014/7/24, 14, , , 
2014/7/25, 19, , , 
2014/7/26, 28, , , 
2014/7/27, 32, , , 
2014/7/28, 10, , , 
2014/7/29, 8, , , 
2014/7/30, 16, , , 
2014/7/31, 46, , , 
2014/8/1, 48, , , 
2014/8/2, 30, , , 
2014/8/3, 36, , , 
2014/8/4, 26, , , 
2014/8/5, 31, , , 
2014/8/6, 30, , , 
2014/8/7, 22, , , 
2014/8/8, 23, , , 
2014/8/9, 25, , , 
2014/8/10, 31, , , 
2014/8/11, 32, , , 
2014/8/12, 12, , , 
2014/8/13, 11, , , 
2014/8/14, 21, , , 
2014/8/15, 13, , , 
2014/8/16, 31, , , 
2014/8/17, 37, , , 
2014/8/18, 17, , , 
2014/8/19, 26, , , 
2014/8/20, 17, , , 
2014/8/21, 22, , , 
2014/8/22, 12, , , 
2014/8/23, 11, , , 
2014/8/24, 15, , , 
2014/8/25, 41, , , 
2014/8/26, 43, , , 
2014/8/27, 42, , , 
2014/8/28, 19, , , 
2014/8/29, 14, , , 
2014/8/30, 12, , , 
2014/8/31, 33, , , 
2014/9/1, 26, , , 
2014/9/2, 46, , , 
2014/9/3, 25, , , 
2014/9/4, 38, , , 
2014/9/5, 33, , , 
2014/9/6, 39, , , 
2014/9/7, 21, , , 
2014/9/8, 12, , , 
2014/9/9, 12, , , 
2014/9/10, 18, , , 
2014/9/11, 26, , , 
2014/9/12, 9, , , 
2014/9/13, 10, , , 
2014/9/14, 9, , , 
2014/9/15, 16, , , 
2014/9/16, 26, , , 
2014/9/17, 16, , , 
2014/9/18, 32, , , 
2014/9/19, 31, , , 
2014/9/20, 32, , , 
2014/9/21, 31, , , 
2014/9/22, 15, , , 
2014/9/23, 25, , , 
2014/9/24, 24, , , 
2014/9/25, 16, , , 
2014/9/26, 35, , , 
2014/9/27, 44, , , 
2014/9/28, 50, , , 
2014/9/29, 55, , , 
2014/9/30, 26, , , 
2014/4/1, 23, , , 
2014/4/2, 27, , , 
2014/4/3, 46, , , 
2014/4/4, 24, , , 
2014/4/5, 20, , , 
2014/4/6, 20, , , 
2014/4/7, 95, , , 
2014/4/8, 19, , , 
2014/4/9, 23, , , 
2014/4/10, 27, , , 
2014/4/11, 46, , , 
2014/4/12, 31, , , 
2014/4/13, 41, , , 
2014/4/14, 26, , , 
2014/4/15, 8, , , 
2014/4/16, 17, , , 
2014/4/17, 22, , , 
2014/4/18, 25, , , 
2014/4/19, 34, , , 
2014/4/20, 21, , , 
2014/4/21, 22, , , 
2014/4/22, 32, , , 
2014/4/23, 15, , , 
2014/4/24, 12, , , 
2014/4/25, 17, , , 
2014/4/26, 22, , , 
2014/4/27, 7, , , 
2014/4/28, 16, , , 
2014/4/29, 16, , , 
2014/4/30, 8, , , 
2014/5/1, 37, , , 
2014/5/2, 33, , , 
2014/5/3, 35, , , 
2014/5/4, 13, , , 
2014/5/5, 9, , , 
2014/5/6, 19, , , 
2014/5/7, 19, , , 
2014/5/8, 36, , , 
2014/5/9, 29, , , 
2014/5/10, 31, , , 
2014/5/11, 21, , , 
2014/5/12, 54, , , 
2014/5/13, 30, , , 
2014/5/14, 21, , , 
2014/5/15, 24, , , 
2014/5/16, 23, , , 
2014/5/17, 24, , , 
2014/5/18, 16, , , 
2014/5/19, 27, , , 
2014/5/20, 29, , , 
2014/5/21, 49, , , 
2014/5/22, 48, , , 
2014/5/23, 36, , , 
2014/5/24, 13, , , 
2014/5/25, 23, , , 
2014/5/26, 34, , , 
2014/5/27, 57, , , 
2014/5/28, 16, , , 
2014/5/29, 11, , , 
2014/5/30, 28, , , 
2014/5/31, 15, , , 
2014/6/1, 20, , , 
2014/6/2, 28, , , 
2014/6/3, 41, , , 
2014/6/4, 45, , , 
2014/6/5, 14, , , 
2014/6/6, 10, , , 
2014/6/7, 15, , , 
2014/6/8, 30, , , 
2014/6/9, 27, , , 
2014/6/10, 32, , , 
2014/6/11, 13, , , 
2014/6/12, 16, , , 
2014/6/13, 13, , , 
2014/6/14, 12, , , 
2014/6/15, 12, , , 
2014/6/16, 24, , , 
2014/6/17, 59, , , 
2014/6/18, 33, , , 
2014/6/19, 29, , , 
2014/6/20, 8, , , 
2014/6/21, 10, , , 
2014/6/22, 19, , , 
2014/6/23, 19, , , 
2014/6/24, 12, , , 
2014/6/25, 16, , , 
2014/6/26, 16, , , 
2014/6/27, 13, , , 
2014/6/28, 24, , , 
2014/6/29, 10, , , 
2014/6/30, 10, , , 
2014/1/1, 53, , , 
2014/1/2, 46, , , 
2014/1/3, 42, , , 
2014/1/4, 44, , , 
2014/1/5, 57, , , 
2014/1/6, 29, , , 
2014/1/7, 45, , , 
2014/1/8, 57, , , 
2014/1/9, 59, , , 
2014/1/10, 86, , , 
2014/1/11, 29, , , 
2014/1/12, 38, , , 
2014/1/13, 50, , , 
2014/1/14, 47, , , 
2014/1/15, 52, , , 
2014/1/16, 46, , , 
2014/1/17, 53, , , 
2014/1/18, 49, , , 
2014/1/19, 43, , , 
2014/1/20, 42, , , 
2014/1/21, 29, , , 
2014/1/22, 26, , , 
2014/1/23, 45, , , 
2014/1/24, 35, , , 
2014/1/25, 38, , , 
2014/1/26, 33, , , 
2014/1/27, 44, , , 
2014/1/28, 35, , , 
2014/1/29, 45, , , 
2014/1/30, 43, , , 
2014/1/31, 48, , , 
2014/2/1, 62, , , 
2014/2/2, 62, , , 
2014/2/3, 48, , , 
2014/2/4, 48, , , 
2014/2/5, 34, , , 
2014/2/6, 40, , , 
2014/2/7, 52, , , 
2014/2/8, 36, , , 
2014/2/9, 42, , , 
2014/2/10, 57, , , 
2014/2/11, 42, , , 
2014/2/12, 39, , , 
2014/2/13, 18, , , 
2014/2/14, 48, , , 
2014/2/15, 61, , , 
2014/2/16, 38, , , 
2014/2/17, 29, , , 
2014/2/18, 47, , , 
2014/2/19, 68, , , 
2014/2/20, 46, , , 
2014/2/21, 39, , , 
2014/2/22, 25, , , 
2014/2/23, 31, , , 
2014/2/24, 25, , , 
2014/2/25, 32, , , 
2014/2/26, 35, , , 
2014/2/27, 34, , , 
2014/2/28, 24, , , 
2014/3/1, 23, , , 
2014/3/2, 47, , , 
2014/3/3, 27, , , 
2014/3/4, 41, , , 
2014/3/5, 50, , , 
2014/3/6, 32, , , 
2014/3/7, 28, , , 
2014/3/8, 45, , , 
2014/3/9, 40, , , 
2014/3/10, 51, , , 
2014/3/11, 57, , , 
2014/3/12, 56, , , 
2014/3/13, 18, , , 
2014/3/14, 22, , , 
2014/3/15, 26, , , 
2014/3/16, 13, , , 
2014/3/17, 23, , , 
2014/3/18, 31, , , 
2014/3/19, 16, , , 
2014/3/20, 27, , , 
2014/3/21, 33, , , 
2014/3/22, 36, , , 
2014/3/23, 17, , , 
2014/3/24, 20, , , 
2014/3/25, 23, , , 
2014/3/26, 29, , , 
2014/3/27, 27, , , 
2014/3/28, 35, , , 
2014/3/29, 24, , , 
2014/3/30, 9, , , 
2014/3/31, 19, , , 
2019/8/23, , 26, 7, 1
2019/8/24, , 23, 5, 1
2019/8/25, , 31, 10, 1
2019/8/26, , 4, 22, 4
2019/3/17, , , , 
2018/8/19, , 22, , 
2019/3/15, , , 3, 
2019/3/16, , , 3, 