date, pm25, pm10, o3, no2, so2, co
2020/11/1, 44, 30, 15, 23, 1, 4
2020/11/2, 58, 19, 15, 13, , 7
2020/11/3, 49, 5, 22, 12, 1, 3
2020/11/4, 16, 10, 22, 18, 1, 3
2020/11/5, 26, 17, 6, 25, 1, 3
2020/11/6, 47, 25, 12, 27, 1, 5
2020/11/7, 60, 21, 30, 12, 1, 3
2020/11/8, 54, 8, 25, 7, 1, 2
2020/11/9, 19, 6, 22, 11, 1, 2
2020/11/10, 16, 6, 26, 7, 1, 2
2020/11/11, 13, 8, 21, 13, 1, 2
2020/11/12, 24, 12, 15, 24, 1, 3
2020/11/13, 40, 14, 27, 10, 1, 2
2020/11/14, 38, 16, 28, 14, 2, 3
2020/11/15, 44, 23, 20, 27, 1, 5
2020/11/16, 60, 23, 27, 17, 1, 3
2020/11/17, 59, 30, 16, 30, 1, 4
2020/11/18, 73, 29, 27, 20, 1, 3
2020/11/19, 64, 12, 27, 9, 1, 2
2020/11/20, 28, 5, 23, 6, 1, 2
2020/11/21, 9, 6, 25, 8, 1, 3
2020/11/22, 17, 9, 26, 8, 1, 2
2020/11/23, 22, 6, 25, 10, , 2
2020/11/24, 21, 8, 19, 11, , 2
2020/11/25, 18, 18, 9, 26, 1, 4
2020/11/26, 40, 12, 16, 13, , 3
2020/11/27, 32, , , , , 
2020/10/1, 1, 14, 35, 16, 2, 2
2020/10/2, 1, 16, 33, 16, 1, 3
2020/10/3, 1, 18, 37, 12, 1, 3
2020/10/4, 1, 27, 28, 16, 1, 3
2020/10/5, 1, 11, 30, 5, 1, 2
2020/10/6, 1, 9, 25, 6, 1, 2
2020/10/7, 1, 6, 25, 8, , 2
2020/10/8, 1, 5, 20, 10, , 2
2020/10/9, 1, 3, 24, 8, , 1
2020/10/10, 1, 6, 23, 2, , 1
2020/10/11, 1, 7, 21, 8, 1, 2
2020/10/12, 1, 8, 22, 13, 1, 2
2020/10/13, 1, 11, 27, 7, 1, 2
2020/10/14, 1, 12, 20, 9, 1, 2
2020/10/15, 13, 9, 28, 7, 1, 2
2020/10/16, 19, 11, 20, 8, 1, 2
2020/10/17, 22, 8, 27, 6, , 2
2020/10/18, 18, 11, 9, 16, 1, 3
2020/10/19, 23, 12, 29, 12, 1, 2
2020/10/20, 27, 12, 30, 10, 1, 2
2020/10/21, 31, 17, 24, 16, 1, 3
2020/10/22, 41, 13, 19, 14, 1, 3
2020/10/23, 23, 6, 26, 7, 1, 2
2020/10/24, 1, 7, 32, 6, 1, 3
2020/10/25, 1, 15, 21, 22, 1, 3
2020/10/26, 25, 13, 26, 11, 1, 3
2020/10/27, 26, 15, 16, 19, 1, 4
2020/10/28, 35, 16, 32, 12, 1, 3
2020/10/29, 42, 8, 26, 8, , 2
2020/10/30, 21, 8, 27, 7, , 
2020/10/31, 19, 16, 25, 14, 2, 3
2020/9/1, 16, 15, 19, 11, 1, 2
2020/9/2, 21, 13, 11, 7, 1, 1
2020/9/3, 19, 12, 22, 12, 1, 1
2020/9/4, 24, 13, 29, 9, 1, 1
2020/9/5, 31, 8, 16, 5, 1, 1
2020/9/6, 13, 16, 6, 10, 1, 2
2020/9/7, 15, , , , , 
2020/9/13, 14, 11, 21, 12, 1, 3
2020/9/14, 23, 11, 26, 10, 1, 2
2020/9/15, 23, 13, 25, 10, 1, 2
2020/9/16, 29, 16, 26, 15, 1, 3
2020/9/17, 32, 14, 11, 5, 1, 1
2020/9/18, 29, 10, 31, 6, 1, 2
2020/9/19, 19, 14, 21, 6, 1, 2
2020/9/20, 32, 13, 35, 6, 1, 2
2020/9/21, 36, 15, 36, 5, 1, 2
2020/9/22, 37, 12, 25, 7, , 2
2020/9/23, 22, 12, 24, 6, , 1
2020/9/24, 21, 6, 19, 7, , 1
2020/9/25, 7, 9, 18, 7, , 1
2020/9/26, 5, 10, 25, 6, , 2
2020/9/27, 13, 8, 31, 11, 1, 2
2020/9/28, 16, 8, 29, 7, 1, 1
2020/9/29, 12, 9, 35, 9, 1, 3
2020/9/30, 12, 12, 27, 10, 1, 2
2020/8/1, 21, 13, 32, 4, 1, 1
2020/8/2, 22, 17, 41, 16, 2, 3
2020/8/3, 34, 16, 36, 12, 1, 2
2020/8/4, 35, 20, 36, 13, 1, 2
2020/8/5, 44, 27, 22, 11, 1, 2
2020/8/6, 46, 27, 31, 12, 1, 2
2020/8/7, 64, 44, 25, 14, 2, 2
2020/8/8, 72, 31, 25, 9, 1, 2
2020/8/9, 62, 33, 65, 10, 2, 2
2020/8/10, 63, 12, 21, 6, 1, 
2020/8/11, 23, 20, 36, 11, 2, 1
2020/8/12, 40, 29, 63, 11, 9, 3
2020/8/13, 52, 23, 43, 8, 1, 2
2020/8/14, 49, 40, 108, 9, 4, 3
2020/8/15, 73, 31, 39, 7, 1, 2
2020/8/16, 60, 28, 43, 10, 1, 2
2020/8/17, 58, 23, 40, 9, 1, 2
2020/8/18, 50, 20, 68, 13, 6, 3
2020/8/19, 42, 17, 42, 12, 1, 2
2020/8/20, 39, 19, 66, 14, 5, 2
2020/8/21, 46, 29, 55, 10, 2, 2
2020/8/22, 59, 19, 26, 6, 1, 1
2020/8/23, 33, 12, 27, 7, 1, 1
2020/8/24, 26, 16, 47, 10, 1, 2
2020/8/25, 30, 17, 42, 14, 2, 2
2020/8/26, 35, 11, 10, 12, 2, 1
2020/8/27, 17, 13, 9, 9, 1, 1
2020/8/28, 23, 12, 18, 7, 1, 1
2020/8/29, 26, 8, 21, 6, 1, 1
2020/8/30, 14, 12, 31, 9, 1, 1
2020/8/31, 25, 9, 20, 7, 1, 1
2020/7/1, 23, 13, 41, 7, 1, 2
2020/7/2, 35, 15, 28, 13, 1, 3
2020/7/3, 33, 10, 14, 6, , 1
2020/7/4, 15, 16, 40, 5, 1, 2
2020/7/5, 33, 12, 10, 5, , 1
2020/7/6, 10, 15, 7, 3, , 
2020/7/7, 23, 13, 30, 5, , 1
2020/7/8, 19, 10, 13, 9, , 1
2020/7/9, 10, 12, 8, 7, , 1
2020/7/10, 26, 15, 11, 3, , 
2020/7/11, 28, 12, 32, 3, 1, 1
2020/7/12, 26, 13, 23, 10, 1, 2
2020/7/13, 27, 13, 14, 13, 1, 2
2020/7/14, 20, 9, 13, 11, , 1
2020/7/15, 13, 8, 22, 9, 1, 2
2020/7/16, 19, 11, 10, 9, , 1
2020/7/17, 19, 10, 6, 11, , 2
2020/7/18, 14, 15, 35, 8, 1, 2
2020/7/19, 31, 24, 61, 14, 1, 3
2020/7/20, 49, 23, 27, 16, 1, 2
2020/7/21, 41, 19, 26, 13, 1, 2
2020/7/22, 38, 15, 20, 9, 1, 2
2020/7/23, 20, 23, 43, 12, 2, 3
2020/7/24, 45, 22, 8, 9, 1, 2
2020/7/25, 32, 12, 14, 7, 1, 2
2020/7/26, 13, 10, 11, 7, , 1
2020/7/27, 12, 16, 10, 9, , 2
2020/7/28, 26, 9, 16, 7, , 1
2020/7/29, 12, 12, 21, 9, 1, 1
2020/7/30, 23, 24, 26, 22, 1, 3
2020/7/31, 42, 10, 34, 5, 1, 1
2020/6/1, 25, 19, 27, 16, 2, 4
2020/6/2, 42, 21, 52, 15, 2, 3
2020/6/3, 51, 36, 64, 10, 1, 3
2020/6/4, 79, 30, 55, 13, 1, 2
2020/6/5, 67, 31, 53, 8, 1, 2
2020/6/6, 69, 19, 43, 4, 1, 2
2020/6/7, 43, 19, 52, 11, 1, 3
2020/6/8, 44, 20, 44, 11, 1, 2
2020/6/9, 49, 10, 36, 6, 1, 1
2020/6/10, 30, 10, 18, 4, , 
2020/6/11, 17, 11, 23, 8, 1, 1
2020/6/12, 22, 10, 22, 9, , 1
2020/6/13, 15, 19, 21, 10, 1, 2
2020/6/14, 41, 21, 40, 20, 1, 3
2020/6/15, 48, 20, 48, 11, 1, 2
2020/6/16, 50, 12, 44, 8, 1, 1
2020/6/17, 30, 16, 36, 10, 1, 2
2020/6/18, 35, 10, 34, 7, , 1
2020/6/19, 14, 9, 45, 9, 1, 3
2020/6/20, 22, 11, 29, 6, 1, 1
2020/6/21, 23, 12, 26, 7, 1, 1
2020/6/22, 22, 14, 30, 14, 1, 3
2020/6/23, 21, 14, 21, 8, 1, 1
2020/6/24, 29, 8, 15, 10, 1, 2
2020/6/25, 21, 26, 57, 19, 1, 3
2020/6/26, 51, 40, 44, 17, 1, 4
2020/6/27, 65, 18, 35, 10, 1, 3
2020/6/28, 27, 12, 45, 10, 1, 2
2020/6/29, 30, 21, 28, 11, 1, 2
2020/6/30, 37, 17, 17, 4, , 1
2020/5/1, 59, 40, 48, 13, 2, 3
2020/5/2, 88, 31, 40, 6, 1, 2
2020/5/3, 68, 13, 34, 7, 1, 2
2020/5/4, 29, 12, 46, 5, 1, 2
2020/5/5, 30, 11, 31, 4, , 1
2020/5/6, 24, 8, 40, 4, , 1
2020/5/7, 14, 9, 42, 10, 1, 2
2020/5/8, 34, 10, 39, 4, , 1
2020/5/9, 26, 8, 32, 2, , 1
2020/5/10, 16, 12, 36, 11, 1, 2
2020/5/11, 32, 16, 50, 10, 1, 2
2020/5/12, 40, 24, 58, 9, 1, 2
2020/5/13, 57, 12, 48, 9, 2, 2
2020/5/14, 39, 14, 46, 11, 1, 2
2020/5/15, 45, 13, 37, 8, 1, 2
2020/5/16, 29, 14, 50, 8, 2, 2
2020/5/17, 40, 17, 31, 10, 1, 2
2020/5/18, 43, 7, 28, 8, , 2
2020/5/19, 11, 6, 20, 6, , 1
2020/5/20, 12, 9, 19, 8, , 1
2020/5/21, 17, 10, 23, 8, , 
2020/5/22, 21, 8, 34, 9, 1, 3
2020/5/23, 17, 10, 44, 8, 1, 2
2020/5/24, 19, 10, 37, 11, 1, 2
2020/5/25, 24, 16, 29, 19, 1, 3
2020/5/26, 37, 17, 47, 11, 1, 2
2020/5/27, 42, 13, 48, 10, 1, 2
2020/5/28, 37, 11, 44, 10, 1, 2
2020/5/29, 32, 15, 42, 11, 1, 2
2020/5/30, 39, 11, 37, 6, 1, 1
2020/5/31, 25, 14, 29, 12, 1, 2
2020/4/1, 51, 9, 41, 4, 1, 1
2020/4/2, 18, 13, 34, 15, 1, 3
2020/4/3, 37, 19, 48, 11, 1, 3
2020/4/4, 55, 13, 36, 6, , 2
2020/4/5, 37, 10, 40, 10, 1, 2
2020/4/6, 30, 15, 42, 12, 1, 3
2020/4/7, 47, 21, 58, 17, 1, 3
2020/4/8, 60, 16, 46, 11, 1, 2
2020/4/9, 47, 9, 36, 5, , 
2020/4/10, 26, 8, 39, 7, 1, 2
2020/4/11, 25, 11, 37, 4, 1, 2
2020/4/12, 33, 5, 36, 6, , 
2020/4/13, 12, 8, 36, 4, , 1
2020/4/14, 15, 12, 41, 15, 1, 3
2020/4/15, 32, 16, 39, 8, 1, 2
2020/4/16, 48, 12, 32, 11, 2, 2
2020/4/17, 34, 13, 33, 9, 1, 3
2020/4/18, 17, 6, 37, 7, 1, 3
2020/4/19, 10, 6, 32, 8, , 1
2020/4/20, 17, 17, 25, 27, 2, 4
2020/4/21, 46, 10, 37, 9, 1, 2
2020/4/22, 33, 6, 37, 8, 1, 2
2020/4/23, 20, 6, 39, 9, 1, 2
2020/4/24, 18, 9, 48, 9, 1, 2
2020/4/25, 26, 18, 61, 4, 1, 2
2020/4/26, 55, 14, 42, 9, 1, 2
2020/4/27, 42, 15, 37, 12, 1, 3
2020/4/28, 37, 13, 49, 8, 1, 2
2020/4/29, 40, 24, 70, 12, 1, 3
2020/4/30, 62, 22, 49, 6, 1, 2
2020/3/1, 43, 15, 27, 13, 1, 2
2020/3/2, 32, 8, 13, 13, 1, 2
2020/3/3, 25, 14, 23, 16, 1, 2
2020/3/4, 34, 10, 34, 9, 1, 2
2020/3/5, 27, 10, 36, 9, 1, 2
2020/3/6, 26, 11, 29, 11, 1, 2
2020/3/7, 37, 13, 28, 7, , 2
2020/3/8, 34, 10, 26, 12, 1, 2
2020/3/9, 23, 15, 26, 20, 1, 3
2020/3/10, 15, 11, 32, 13, 1, 3
2020/3/11, 1, 7, 31, 12, 1, 2
2020/3/12, 1, 13, 35, 17, 1, 3
2020/3/13, 1, 10, 30, 9, , 2
2020/3/14, 1, 7, 32, 9, 1, 2
2020/3/15, 1, 6, 30, 12, 1, 2
2020/3/16, 1, 15, 28, 14, 1, 3
2020/3/17, 1, 13, 36, 18, 1, 3
2020/3/18, 1, 16, 35, 17, 2, 2
2020/3/19, 17, 7, 32, 5, 1, 2
2020/3/20, 9, 12, 32, 17, 1, 3
2020/3/21, 1, 19, 50, 14, 1, 4
2020/3/22, 1, 12, 36, 10, 1, 2
2020/3/23, 1, 8, 33, 6, , 2
2020/3/24, 1, 9, 32, 11, 1, 3
2020/3/25, 1, 11, 30, 24, 2, 3
2020/3/26, 1, 16, 33, 21, 1, 4
2020/3/27, 1, 14, 31, 8, 1, 2
2020/3/28, 1, 5, 26, 6, , 2
2020/3/29, 1, 11, 23, 14, 1, 2
2020/3/30, 26, 19, 16, 18, 1, 2
2020/3/31, 59, 22, 22, 16, 1, 2
2020/2/1, 8, 6, 34, 6, 2, 3
2020/2/2, 18, 16, 26, 23, 1, 4
2020/2/3, 55, 9, 26, 16, 2, 3
2020/2/4, 25, 10, 29, 15, 1, 3
2020/2/5, 36, 2, 27, 6, , 
2020/2/6, 13, 11, 21, 23, , 5
2020/2/7, 41, 11, 31, 16, , 3
2020/2/8, 42, 4, 30, 3, , 2
2020/2/9, 12, 13, 22, 25, , 4
2020/2/10, 42, 5, 32, 9, , 3
2020/2/11, 18, 15, 23, 26, , 4
2020/2/12, 50, 31, 11, 46, 1, 5
2020/2/13, 85, 16, 13, 32, 1, 5
2020/2/14, 50, 16, 21, 26, 3, 5
2020/2/15, 51, 29, 13, 19, 1, 4
2020/2/16, 72, 15, 19, 15, 1, 4
2020/2/17, 44, 4, 27, 10, 1, 2
2020/2/18, 12, 8, 27, 15, 1, 3
2020/2/19, 24, 13, 25, 22, , 2
2020/2/20, 41, 12, 28, 17, 2, 3
2020/2/21, 36, 18, 36, 15, 1, 2
2020/2/22, 46, 12, 34, 5, 1, 2
2020/2/23, 35, 15, 31, 11, 2, 3
2020/2/24, 45, 28, 23, 32, 3, 4
2020/2/25, 74, 19, 24, 13, 1, 4
2020/2/26, 56, 6, 30, 12, 1, 3
2020/2/27, 16, 6, 26, 15, 1, 3
2020/2/28, 20, 13, 25, 20, 1, 3
2020/2/29, 44, 14, 34, 12, 2, 3
2020/1/1, 15, 6, 21, 13, 1, 3
2020/1/2, 18, 10, 18, 17, 1, 4
2020/1/3, 34, 7, 28, 11, 1, 3
2020/1/4, 19, 4, 30, 6, , 2
2020/1/5, 10, 6, 27, 9, 1, 2
2020/1/6, 18, 14, 16, 20, , 3
2020/1/7, 42, 23, 11, 21, , 5
2020/1/8, 62, 8, 27, 16, 1, 4
2020/1/9, 20, 8, 23, 15, 1, 2
2020/1/10, 22, 15, 14, 23, 2, 4
2020/1/11, 47, 18, 22, 16, , 3
2020/1/12, 55, 21, 22, 20, 2, 4
2020/1/13, 60, 12, 22, 21, 2, 4
2020/1/14, 38, 17, 16, 23, , 5
2020/1/15, 46, 6, 21, 20, 1, 3
2020/1/16, 15, 10, 21, 20, 1, 3
2020/1/17, 30, 9, 23, 10, 1, 
2020/1/18, 23, 9, 27, 13, 1, 3
2020/1/19, 27, 16, 17, 31, 2, 5
2020/1/20, 51, 7, 30, 13, 1, 4
2020/1/21, 24, 16, 19, 24, 1, 3
2020/1/22, 52, 29, 6, 33, , 5
2020/1/23, 75, 23, 14, 29, 2, 5
2020/1/24, 64, 8, 28, 12, 2, 3
2020/1/25, 27, 11, 22, 13, 1, 3
2020/1/26, 38, 18, 15, 25, 1, 4
2020/1/27, 58, 6, 19, 15, 1, 2
2020/1/28, 16, 8, 23, 22, 1, 4
2020/1/29, 14, 7, 20, 22, 2, 3
2020/1/30, 19, 3, 27, 11, 1, 2
2020/1/31, 8, 3, 30, 7, 1, 2
2019/10/1, 50, 27, 52, 19, 3, 4
2019/10/2, 59, 23, 36, 16, 3, 3
2019/10/3, 54, 18, 37, 13, 1, 3
2019/10/4, 37, 10, 43, 11, 4, 3
2019/10/5, 25, 9, 26, 4, 1, 2
2019/10/6, 7, 9, 28, 7, 1, 3
2019/10/7, 19, 13, 26, 13, 1, 3
2019/10/8, 29, 8, 35, 7, 2, 2
2019/10/9, 21, 13, 33, 11, 1, 2
2019/10/10, 33, 16, 26, 12, , 3
2019/10/11, 29, 18, 18, 3, , 1
2019/10/12, 15, 6, 29, 3, 1, 1
2019/10/13, 10, 15, 22, 7, 1, 2
2019/10/14, 34, 9, 28, 9, 1, 2
2019/10/15, 19, 10, 25, 8, 1, 2
2019/10/16, 25, 14, 21, 13, 1, 3
2019/10/17, 34, 14, 24, 11, 1, 2
2019/10/18, 34, 14, 20, 18, 2, 4
2019/10/19, 29, 12, 27, 12, 2, 4
2019/10/20, 27, 11, 28, 10, 1, 1
2019/10/21, 24, 5, 32, 5, 1, 1
2019/10/22, 10, 7, 28, 16, 2, 2
2019/10/23, 15, 12, 29, 9, , 2
2019/10/24, 29, 10, 24, 8, , 3
2019/10/25, 14, 7, 19, 18, 1, 4
2019/10/26, 7, 11, 26, 9, 1, 3
2019/10/27, 28, 11, 26, 12, 2, 3
2019/10/28, 24, 13, 19, 16, , 3
2019/10/29, 29, 19, 23, 24, 2, 6
2019/10/30, 48, 27, 27, 20, 3, 6
2019/10/31, 60, 26, 29, 26, 4, 6
2019/11/1, 61, 14, 28, 12, 3, 2
2019/11/2, 36, 20, 29, 10, 2, 3
2019/11/3, 49, 8, 30, 6, 1, 
2019/11/4, 17, 9, 25, 18, 2, 3
2019/11/5, 26, 16, 20, 28, 4, 4
2019/11/6, 39, 15, 26, 21, 2, 4
2019/11/7, 42, 9, 30, 11, 1, 2
2019/11/8, 27, 11, 29, 11, 2, 3
2019/11/9, 31, 13, 30, 12, 2, 3
2019/11/10, 37, 16, 20, 15, 1, 3
2019/11/11, 42, 10, 32, 12, 1, 4
2019/11/12, 24, 12, 21, 19, , 4
2019/11/13, 34, 11, 30, 14, 2, 3
2019/11/14, 30, 8, 20, 18, 2, 3
2019/11/15, 24, 14, 20, 29, 3, 5
2019/11/16, 40, 11, 32, 9, 1, 3
2019/11/17, 29, 13, 35, 17, 3, 4
2019/11/18, 39, 14, 28, 15, 1, 3
2019/11/19, 35, 4, 26, 6, 1, 2
2019/11/20, 5, 6, 27, 8, 1, 2
2019/11/21, 16, 12, 12, 19, 2, 3
2019/11/22, 37, 5, 23, 8, 1, 2
2019/11/23, 6, 8, 21, 12, 1, 5
2019/11/24, 16, 18, 18, 16, 1, 4
2019/11/25, 43, 7, 21, 10, 1, 2
2019/11/26, 17, 17, 13, 21, , 3
2019/11/27, 46, 11, 18, 15, , 3
2019/11/28, 27, 6, 21, 14, , 4
2019/11/29, 17, 6, 26, 13, 1, 4
2019/11/30, 12, 19, 13, 22, 2, 5
2019/12/1, 56, 34, 4, 28, 1, 6
2019/12/2, 71, 5, 26, 15, 1, 3
2019/12/3, 13, 8, 19, 21, 5, 4
2019/12/4, 25, 7, 20, 21, 1, 3
2019/12/5, 19, 7, 18, 17, 1, 3
2019/12/6, 22, 11, 18, 18, 1, 4
2019/12/7, 39, 16, 26, 14, , 3
2019/12/8, 46, 14, 19, 19, 1, 3
2019/12/9, 47, 19, 15, 23, 1, 4
2019/12/10, 55, 22, 8, 24, , 4
2019/12/11, 61, 16, 25, 18, 1, 5
2019/12/12, 48, 7, 22, 13, 1, 3
2019/12/13, 17, 18, 22, 25, 2, 4
2019/12/14, 55, 9, 28, 8, 1, 2
2019/12/15, 25, 17, 11, 29, 2, 3
2019/12/16, 52, 23, 8, 22, 1, 4
2019/12/17, 29, 16, 14, 21, , 7
2019/12/18, 16, 14, 19, 18, 1, 4
2019/12/19, 41, 16, 23, 14, , 3
2019/12/20, 41, 12, 16, 14, , 3
2019/12/21, 35, 22, 19, 14, 1, 4
2019/12/22, 62, 11, 21, 26, 3, 5
2019/12/23, 32, 5, 27, 11, 1, 4
2019/12/24, 16, 12, 21, 25, 1, 4
2019/12/25, 38, 22, 4, 31, 2, 6
2019/12/26, 67, 11, 27, 14, 1, 4
2019/12/27, 29, 4, 29, 6, 1, 3
2019/12/28, 9, 8, 26, 10, 1, 3
2019/12/29, 27, , , , , 
2019/7/1, 37, 30, 29, 20, 2, 4
2019/7/2, 53, 34, 50, 20, 3, 5
2019/7/3, 66, 7, 41, 8, 1, 1
2019/7/4, 10, 14, 39, 10, 1, 2
2019/7/5, 28, 12, 32, 7, , 1
2019/7/6, 20, 5, 27, 4, 1, 1
2019/7/7, 4, 8, 26, 6, 1, 1
2019/7/8, 13, 12, 24, 7, 1, 1
2019/7/9, 22, 9, 25, 8, 1, 1
2019/7/10, 21, 16, 24, 15, 2, 2
2019/7/11, 37, 11, 23, 15, 1, 3
2019/7/12, 20, 24, 29, 21, 3, 5
2019/7/13, 53, 11, 37, 6, 1, 2
2019/7/14, 20, 8, 21, 4, 1, 1
2019/7/15, 15, 8, 14, 10, , 1
2019/7/16, 14, 16, 33, 19, 2, 3
2019/7/17, 38, 22, 22, 18, 2, 3
2019/7/18, 43, 11, 28, 11, 1, 2
2019/7/19, 21, 30, 33, 20, 4, 3
2019/7/20, 54, 26, 22, 14, 2, 3
2019/7/21, 54, 22, 11, 12, 1, 2
2019/7/22, 43, 15, 19, 14, 1, 2
2019/7/23, 26, 15, 27, 15, 2, 2
2019/7/24, 26, 30, 34, 15, 2, 3
2019/7/25, 60, 11, 12, 9, 2, 2
2019/7/26, 23, 20, 11, 7, 1, 1
2019/7/27, 32, 44, 21, 11, 4, 2
2019/7/28, 70, 34, 25, 16, 3, 3
2019/7/29, 61, 28, 25, 15, 3, 3
2019/7/30, 58, 31, 38, 17, 3, 2
2019/7/31, 59, 39, 79, 17, 2, 2
2019/8/1, 69, 37, 66, 16, 3, 2
2019/8/2, 70, 22, 37, 17, 4, 2
2019/8/3, 45, 15, 32, 11, 3, 2
2019/8/4, 33, 11, 19, 11, 2, 1
2019/8/5, 21, 12, 14, 9, 2, 2
2019/8/6, 24, 16, 24, 13, 4, 2
2019/8/7, 24, 19, 30, 13, 2, 2
2019/8/8, 37, 16, 38, 13, 3, 2
2019/8/9, 37, 17, 32, 11, 3, 2
2019/8/10, 38, 15, 30, 8, 2, 2
2019/8/11, 33, 20, 15, 7, 3, 2
2019/8/12, 38, 20, 15, 10, 3, 2
2019/8/13, 29, 28, 12, 9, 2, 2
2019/8/14, 44, 36, 15, 5, 2, 2
2019/8/15, 54, 40, 34, 5, 1, 2
2019/8/16, 67, 35, 44, 12, 4, 5
2019/8/17, 64, 36, 45, 10, 2, 3
2019/8/18, 65, 42, 28, 8, 1, 3
2019/8/19, 71, 23, 26, 12, 1, 2
2019/8/20, 38, 13, 31, 15, 2, 3
2019/8/21, 27, 18, 42, 11, 2, 3
2019/8/22, 35, 20, 20, 14, 1, 3
2019/8/23, 33, 24, 49, 16, 3, 4
2019/8/24, 50, 24, 59, 8, 2, 4
2019/8/25, 55, 20, 38, 11, 2, 4
2019/8/26, 47, 21, 39, 14, 2, 4
2019/8/27, 45, 16, 17, 9, , 2
2019/8/28, 24, 23, 25, 12, 2, 2
2019/8/29, 48, 17, 8, 11, 2, 2
2019/8/30, 27, 19, 31, 15, 3, 3
2019/8/31, 39, 28, 60, 9, 2, 3
2019/9/1, 59, 30, 28, 17, 3, 3
2019/9/2, 57, 24, 29, 11, 1, 2
2019/9/3, 49, 13, 29, 8, 1, 2
2019/9/4, 27, 24, 41, 13, 1, 3
2019/9/5, 52, 23, 27, 17, 4, 4
2019/9/6, 31, 11, 13, 12, 4, 2
2019/9/7, 24, 18, 14, 6, 2, 1
2019/9/8, 30, 16, 20, 9, 1, 2
2019/9/9, 26, 23, 72, 16, 3, 3
2019/9/10, 51, 24, 42, 14, 2, 3
2019/9/11, 44, 10, 35, 9, 1, 2
2019/9/12, 20, 9, 25, 8, 2, 2
2019/9/13, 21, 13, 30, 10, , 3
2019/9/14, 28, 13, 34, 7, 1, 2
2019/9/15, 29, 10, 18, 6, 1, 2
2019/9/16, 11, 14, 30, 10, 2, 3
2019/9/17, 29, 12, 24, 8, 1, 2
2019/9/18, 21, 13, 31, 12, 2, 3
2019/9/19, 28, 14, 39, 11, 2, 3
2019/9/20, 32, 13, 29, 8, 1, 2
2019/9/21, 27, 13, 34, 5, , 2
2019/9/22, 27, 17, 24, 6, 1, 3
2019/9/23, 24, 10, 25, 12, 2, 3
2019/9/24, 22, 10, 36, 14, 3, 2
2019/9/25, 21, 14, 35, 12, 2, 3
2019/9/26, 33, 19, 40, 21, 4, 3
2019/9/27, 43, 15, 29, 14, 3, 3
2019/9/28, 31, 16, 25, 12, 2, 3
2019/9/29, 33, 17, 32, 12, 1, 3
2019/9/30, 41, 20, 49, 15, 4, 2
2019/4/1, 27, 10, 36, 10, 1, 3
2019/4/2, 34, 11, 39, 7, 1, 2
2019/4/3, 37, 16, 35, 20, 3, 3
2019/4/4, 55, 18, 44, 26, 3, 4
2019/4/5, 55, 22, 52, 13, 2, 4
2019/4/6, 59, 21, 53, 11, 3, 3
2019/4/7, 57, 14, 36, 12, 1, 2
2019/4/8, 44, 7, 39, 7, 1, 2
2019/4/9, 22, 9, 22, 16, 1, 3
2019/4/10, 31, 4, 36, 6, 1, 2
2019/4/11, 10, 9, 32, 12, 1, 2
2019/4/12, 27, 13, 42, 15, 2, 3
2019/4/13, 44, 11, 45, 10, 2, 3
2019/4/14, 34, 9, 48, 7, 1, 2
2019/4/15, 26, 13, 44, 15, 3, 3
2019/4/16, 40, 16, 39, 21, 3, 3
2019/4/17, 49, 18, 55, 16, 3, 3
2019/4/18, 51, 21, 44, 22, 4, 3
2019/4/19, 60, 16, 37, 12, 3, 3
2019/4/20, 44, 21, 53, 13, 3, 3
2019/4/21, 57, 29, 51, 19, 3, 4
2019/4/22, 71, 18, 45, 14, 2, 3
2019/4/23, 47, 25, 23, 16, 2, 3
2019/4/24, 45, 16, 20, 26, 4, 4
2019/4/25, 36, 11, 28, 11, 1, 2
2019/4/26, 27, 5, 32, 8, 1, 2
2019/4/27, 14, 6, 40, 6, 3, 3
2019/4/28, 14, 8, 36, 11, 2, 3
2019/4/29, 21, 9, 27, 11, 1, 3
2019/4/30, 15, 7, 36, 8, 2, 3
2019/5/1, 12, 11, 40, 10, 1, 3
2019/5/2, 26, 14, 48, 14, 3, 4
2019/5/3, 44, 16, 47, 9, 1, 3
2019/5/4, 51, 15, 51, 11, 2, 3
2019/5/5, 40, 12, 44, 7, 2, 2
2019/5/6, 29, 6, 44, 6, 1, 2
2019/5/7, 16, 10, 43, 13, 1, 2
2019/5/8, 28, 10, 41, 13, , 3
2019/5/9, 31, 22, 76, 22, 3, 4
2019/5/10, 61, 27, 58, 21, 3, 4
2019/5/11, 73, 15, 42, 7, 2, 2
2019/5/12, 41, 13, 34, 14, 3, 3
2019/5/13, 35, 13, 34, 17, 2, 2
2019/5/14, 31, 12, 38, 15, 3, 3
2019/5/15, 36, 12, 41, 13, 1, 2
2019/5/16, 33, 12, 39, 12, 2, 2
2019/5/17, 34, 13, 39, 12, 2, 2
2019/5/18, 40, 16, 43, 9, 3, 3
2019/5/19, 51, 18, 34, 16, 2, 2
2019/5/20, 48, 15, 23, 12, 1, 2
2019/5/21, 19, 13, 39, 11, 2, 2
2019/5/22, 34, 15, 62, 17, 3, 3
2019/5/23, 48, 20, 70, 16, 3, 3
2019/5/24, 61, 27, 77, 18, 3, 4
2019/5/25, 73, 36, 113, 14, 4, 4
2019/5/26, 90, 42, 75, 25, 5, 4
2019/5/27, 100, 16, 41, 10, 1, 2
2019/5/28, 35, 9, 38, 9, 1, 2
2019/5/29, 23, 10, 36, 15, 3, 3
2019/5/30, 31, 12, 27, 17, 2, 3
2019/5/31, 41, 20, 46, 13, 3, 2
2019/6/1, 50, 27, 51, 11, 4, 3
2019/6/2, 67, 13, 39, 14, 2, 2
2019/6/3, 33, 14, 37, 17, 2, 3
2019/6/4, 35, 10, 30, 17, 2, 2
2019/6/5, 25, 22, 76, 16, 3, 3
2019/6/6, 55, 37, 30, 18, 2, 3
2019/6/7, 74, 13, 37, 8, 1, 2
2019/6/8, 31, 10, 31, 4, 1, 1
2019/6/9, 22, 6, 24, 8, , 
2019/6/10, 8, 7, 32, 7, 1, 1
2019/6/11, 15, 12, 24, 13, 3, 2
2019/6/12, 23, 16, 37, 18, 3, 3
2019/6/13, 37, 15, 28, 17, 3, 3
2019/6/14, 33, 9, 27, 7, 4, 2
2019/6/15, 16, 8, 38, 8, , 2
2019/6/16, 17, 6, 43, 6, 2, 1
2019/6/17, 16, 14, 37, 17, 4, 3
2019/6/18, 35, 26, 46, 16, 4, 3
2019/6/19, 57, 35, 50, 14, 3, 4
2019/6/20, 76, 27, 40, 17, 4, 3
2019/6/21, 62, 12, 31, 11, 2, 3
2019/6/22, 22, 13, 21, 10, 3, 2
2019/6/23, 30, 8, 19, 8, 1, 1
2019/6/24, 15, 17, 35, 20, 4, 3
2019/6/25, 45, 23, 34, 14, 2, 3
2019/6/26, 55, 15, 25, 9, 1, 1
2019/6/27, 32, 17, 27, 15, 2, 3
2019/6/28, 34, 11, 27, 8, 1, 3
2019/6/29, 20, 10, 17, 9, 1, 2
2019/6/30, 20, 22, 11, 16, 1, 3
2019/1/1, 36, 4, 30, 8, 1, 3
2019/1/2, 22, 4, 30, 6, 1, 2
2019/1/3, 18, 8, 24, 16, 3, 4
2019/1/4, 34, 11, 29, 19, 1, 5
2019/1/5, 46, 5, 30, 5, 1, 1
2019/1/6, 20, 6, 29, 11, 1, 2
2019/1/7, 27, 22, 10, 39, 4, 5
2019/1/8, 64, 8, 28, 12, 1, 2
2019/1/9, 33, 16, 17, 28, 1, 3
2019/1/10, 52, 13, 28, 19, 1, 5
2019/1/11, 44, 20, 17, 26, , 3
2019/1/12, 58, 14, 29, 12, , 2
2019/1/13, 46, 10, 27, 12, , 2
2019/1/14, 38, 21, 17, 31, 3, 5
2019/1/15, 59, 14, 30, 19, 1, 5
2019/1/16, 55, 14, 25, 23, 2, 4
2019/1/17, 51, 6, 30, 9, 1, 2
2019/1/18, 22, 9, 28, 18, 2, 3
2019/1/19, 33, 14, 29, 16, 2, 3
2019/1/20, 49, 6, 30, 12, 1, 2
2019/1/21, 20, 9, 28, 17, 1, 3
2019/1/22, 26, 17, 18, 26, 3, 4
2019/1/23, 48, 6, 29, 8, 1, 2
2019/1/24, 24, 8, 28, 17, 1, 3
2019/1/25, 29, 7, 29, 11, 2, 4
2019/1/26, 28, 3, 32, 5, , 2
2019/1/27, 11, 12, 25, 24, , 4
2019/1/28, 38, 12, 32, 8, 1, 3
2019/1/29, 39, 24, 20, 33, 5, 5
2019/1/30, 71, 25, 18, 35, 3, 5
2019/1/31, 68, 5, 30, 7, , 2
2019/2/1, 16, 12, 20, 26, 2, 4
2019/2/2, 39, 15, 26, 19, 3, 4
2019/2/3, 47, 11, 34, 10, 1, 3
2019/2/4, 26, 15, 27, 16, 1, 3
2019/2/5, 48, 33, 9, 28, 1, 5
2019/2/6, 79, 37, 12, 35, 1, 7
2019/2/7, 87, 4, 28, 8, , 2
2019/2/8, 16, 15, 25, 12, , 2
2019/2/9, 49, 7, 32, 6, , 2
2019/2/10, 25, 14, 23, 13, , 2
2019/2/11, 48, 8, 29, 11, , 2
2019/2/12, 32, 13, 19, 24, 2, 4
2019/2/13, 46, 8, 32, 9, 1, 2
2019/2/14, 28, 13, 26, 26, 2, 3
2019/2/15, 45, 19, 34, 19, , 4
2019/2/16, 56, 12, 37, 5, 1, 3
2019/2/17, 45, 13, 32, 20, 3, 5
2019/2/18, 43, 21, 15, 35, 1, 5
2019/2/19, 63, 32, 23, 24, 1, 5
2019/2/20, 80, 5, 35, 7, 1, 3
2019/2/21, 20, 10, 26, 20, 3, 4
2019/2/22, 35, 17, 37, 9, 1, 3
2019/2/23, 56, 18, 37, 11, 2, 3
2019/2/24, 58, 26, 18, 36, 3, 5
2019/2/25, 73, 22, 33, 15, 1, 3
2019/2/26, 66, 18, 31, 16, 2, 3
2019/2/27, 57, 29, 17, 24, , 4
2019/2/28, 72, 20, 22, 24, 1, 4
2019/3/1, 56, 20, 39, 10, 3, 3
2019/3/2, 63, 29, 29, 12, 1, 3
2019/3/3, 71, 10, 30, 10, , 2
2019/3/4, 26, 20, 34, 18, 3, 4
2019/3/5, 57, 32, 14, 33, 3, 5
2019/3/6, 79, 24, 30, 15, 1, 4
2019/3/7, 60, 7, 35, 6, , 3
2019/3/8, 29, 13, 35, 19, 3, 4
2019/3/9, 43, 14, 31, 20, 3, 4
2019/3/10, 45, 5, 33, 9, 1, 2
2019/3/11, 13, 12, 37, 23, 5, 4
2019/3/12, 39, 13, 39, 15, 1, 3
2019/3/13, 41, 8, 33, 14, 2, 2
2019/3/14, 31, 14, 37, 17, 3, 3
2019/3/15, 53, 17, 36, 14, , 2
2019/3/16, 60, 12, 39, 8, 2, 3
2019/3/17, 44, 11, 33, 14, 2, 3
2019/3/18, 30, 16, 34, 23, 2, 4
2019/3/19, 48, 18, 38, 26, 3, 4
2019/3/20, 53, 13, 39, 10, 2, 3
2019/3/21, 35, 9, 40, 10, 1, 3
2019/3/22, 25, 7, 34, 8, , 3
2019/3/23, 23, 9, 39, 8, 1, 3
2019/3/24, 31, 17, 29, 21, 2, 3
2019/3/25, 50, 23, 36, 30, 2, 4
2019/3/26, 66, 19, 45, 16, 1, 3
2019/3/27, 55, 12, 47, 12, 1, 3
2019/3/28, 38, 10, 30, 13, 1, 3
2019/3/29, 30, 23, 27, 14, 1, 3
2019/3/30, 64, 21, 39, 10, 1, 3
2019/3/31, 53, 8, 36, 14, 1, 3
2018/10/1, 58, 15, 41, 13, 2, 2
2018/10/2, 55, 18, 31, 15, 1, 3
2018/10/3, 53, 12, 28, 10, 1, 2
2018/10/4, 36, 17, 23, 13, 1, 2
2018/10/5, 44, 17, 16, 15, 2, 2
2018/10/6, 56, 13, 33, 4, 2, 2
2018/10/7, 50, 9, 32, 6, 1, 2
2018/10/8, 23, 13, 36, 12, 1, 2
2018/10/9, 45, 15, 32, 15, 2, 3
2018/10/10, 50, 22, 13, 19, 1, 4
2018/10/11, 51, 9, 23, 11, , 2
2018/10/12, 25, 8, 25, 8, 1, 1
2018/10/13, 23, 10, 27, 6, , 2
2018/10/14, 35, 15, 18, 17, 1, 3
2018/10/15, 40, 17, 26, 14, , 3
2018/10/16, 55, 14, 28, 12, 1, 2
2018/10/17, 52, 11, 28, 11, 1, 2
2018/10/18, 41, 12, 23, 13, 1, 1
2018/10/19, 40, 11, 34, 10, 1, 2
2018/10/20, 39, 7, 35, 4, 1, 1
2018/10/21, 35, 12, 32, 14, 1, 2
2018/10/22, 55, 15, 22, 17, 1, 2
2018/10/23, 48, 11, 28, 13, 1, 2
2018/10/24, 48, 18, 38, 13, 1, 3
2018/10/25, 63, 20, 27, 18, 2, 3
2018/10/26, 64, 20, 27, 19, 2, 4
2018/10/27, 59, 11, 28, 8, , 3
2018/10/28, 37, 17, 21, 26, 1, 4
2018/10/29, 62, 12, 30, 20, , 4
2018/10/30, 49, 6, 26, 10, 1, 1
2018/10/31, 31, 7, 30, 9, 2, 
2018/11/1, 29, 6, 26, 16, 3, 1
2018/11/2, 37, 11, 25, 18, 2, 
2018/11/3, 42, 22, 22, 14, 1, 
2018/11/4, 65, 24, 20, 21, 2, 3
2018/11/5, 63, 18, 10, 21, 1, 3
2018/11/6, 47, 10, 30, 12, 1, 2
2018/11/7, 30, 16, 32, 11, 1, 
2018/11/8, 54, 25, 16, 23, 1, 4
2018/11/9, 60, 20, 24, 16, 1, 4
2018/11/10, 56, 17, 27, 14, 3, 4
2018/11/11, 57, 28, 15, 22, 1, 5
2018/11/12, 75, 19, 25, 14, 1, 3
2018/11/13, 49, 8, 28, 10, 1, 2
2018/11/14, 35, 7, 23, 15, 1, 3
2018/11/15, 33, 13, 16, 26, 2, 4
2018/11/16, 52, 15, 31, 16, , 3
2018/11/17, 55, 9, 26, 8, 1, 3
2018/11/18, 32, 16, 21, 20, 1, 3
2018/11/19, 50, 7, 24, 11, , 2
2018/11/20, 27, 21, 9, 37, 5, 6
2018/11/21, 66, 21, 15, 23, 1, 4
2018/11/22, 62, 5, 27, 9, 1, 2
2018/11/23, 23, 6, 22, 11, 1, 1
2018/11/24, 23, 17, 23, 18, 3, 3
2018/11/25, 63, 17, 17, 24, 2, 4
2018/11/26, 58, 26, 16, 38, 3, 6
2018/11/27, 74, 33, 17, 34, 2, 5
2018/11/28, 91, 19, 20, 15, 2, 2
2018/11/29, 53, 14, 23, 21, 4, 3
2018/11/30, 49, 10, 27, 14, 1, 2
2018/12/1, 37, 12, 24, 10, 1, 2
2018/12/2, 41, 22, 16, 32, 4, 5
2018/12/3, 66, 29, 22, 27, 3, 5
2018/12/4, 77, 8, 27, 11, 1, 3
2018/12/5, 26, 11, 18, 14, , 4
2018/12/6, 33, 30, 5, 31, , 6
2018/12/7, 78, 5, 21, 12, , 3
2018/12/8, 15, 2, 26, 7, , 2
2018/12/9, 13, 5, 22, 14, , 3
2018/12/10, 25, 13, 13, 23, , 4
2018/12/11, 49, 9, 21, 15, 1, 3
2018/12/12, 29, 6, 26, 16, 1, 2
2018/12/13, 24, 8, 27, 13, 1, 3
2018/12/14, 33, 6, 29, 7, 1, 2
2018/12/15, 30, 17, 17, 19, , 5
2018/12/16, 54, 30, 5, 34, 3, 7
2018/12/17, 78, 10, 23, 24, 2, 6
2018/12/18, 37, 10, 13, 28, 3, 4
2018/12/19, 43, 16, 11, 35, 3, 5
2018/12/20, 57, 16, 16, 34, 3, 4
2018/12/21, 60, 38, 10, 33, 1, 5
2018/12/22, 100, 33, 13, 24, 1, 5
2018/12/23, 83, 6, 28, 6, 1, 2
2018/12/24, 23, 10, 21, 23, 2, 3
2018/12/25, 38, 23, 4, 35, , 5
2018/12/26, 71, 12, 21, 23, 2, 4
2018/12/27, 44, 3, 26, 5, 1, 2
2018/12/28, 13, 3, 26, 9, 1, 3
2018/12/29, 19, 3, 29, 4, 1, 
2018/12/30, 17, , , , , 
2018/7/1, 49, 17, 17, 8, 1, 1
2018/7/2, 53, 16, 14, 9, 1, 1
2018/7/3, 47, 18, 10, 6, , 1
2018/7/4, 42, 16, 12, 6, , 1
2018/7/5, 31, 12, 10, 10, , 1
2018/7/6, 21, 15, 7, 8, 1, 1
2018/7/7, 39, 13, 11, 7, 1, 1
2018/7/8, 34, 18, 12, 12, 1, 2
2018/7/9, 40, 17, 17, 13, 2, 2
2018/7/10, 51, 22, 36, 17, 3, 2
2018/7/11, 56, 23, 24, 13, 2, 2
2018/7/12, 56, 28, 40, 15, 2, 2
2018/7/13, 71, 30, 72, 13, 3, 3
2018/7/14, 72, 44, 51, 12, 2, 3
2018/7/15, 89, 44, 46, 10, 2, 3
2018/7/16, 91, 43, 33, 14, 2, 2
2018/7/17, 92, 42, 56, 20, 3, 3
2018/7/18, 86, 28, 32, 13, 2, 2
2018/7/19, 71, 16, 15, 9, 1, 2
2018/7/20, 44, 19, 29, 11, 1, 2
2018/7/21, 50, 26, 74, 12, 3, 3
2018/7/22, 68, 23, 57, 13, 5, 3
2018/7/23, 72, 41, 68, 16, 3, 4
2018/7/24, 90, 28, 28, 13, 2, 2
2018/7/25, 64, 13, 29, 9, 1, 
2018/7/26, 40, 13, 25, 8, 1, 
2018/7/27, 43, 19, 14, 5, 1, 1
2018/7/28, 34, 24, 30, 7, 2, 2
2018/7/29, 48, 20, 18, 10, 1, 1
2018/7/30, 42, 19, 42, 15, 3, 2
2018/7/31, 56, 26, 72, 21, 4, 3
2018/8/1, 66, 38, 94, 25, 6, 4
2018/8/2, 85, 45, 88, 19, 5, 4
2018/8/3, 89, 32, 61, 14, 4, 3
2018/8/4, 80, 43, 48, 7, 2, 2
2018/8/5, 91, 41, 44, 10, 2, 2
2018/8/6, 79, 6, 17, 8, 1, 1
2018/8/7, 16, 7, 16, 5, , 
2018/8/8, 17, 18, 32, 10, 1, 2
2018/8/9, 44, 26, 33, 13, 2, 2
2018/8/10, 66, 35, 39, 18, 4, 3
2018/8/11, 72, 32, 35, 11, 3, 4
2018/8/12, 59, 22, 26, 12, 2, 3
2018/8/13, 51, 12, 18, 7, 1, 2
2018/8/14, 41, 11, 12, 3, 1, 1
2018/8/15, 27, 13, 14, 4, 1, 1
2018/8/16, 30, 4, 27, 4, 1, 
2018/8/17, 26, 10, 32, 10, 4, 
2018/8/18, 39, 11, 38, 10, 3, 2
2018/8/19, 45, 13, 32, 13, 1, 2
2018/8/20, 32, 22, 11, 17, , 4
2018/8/21, 46, 15, 9, 7, , 2
2018/8/22, 29, 21, 7, 8, 2, 3
2018/8/23, 36, 31, 10, 5, 1, 2
2018/8/24, 50, 20, 23, 8, 1, 2
2018/8/25, 57, 22, 79, 14, 3, 3
2018/8/26, 67, 27, 55, 16, 3, 3
2018/8/27, 71, 28, 42, 14, 3, 3
2018/8/28, 58, 27, 26, 14, 4, 3
2018/8/29, 59, 26, 27, 14, 2, 1
2018/8/30, 66, 23, 37, 14, 2, 2
2018/8/31, 66, 18, 31, 13, 2, 2
2018/9/1, 43, 9, 29, 6, 1, 2
2018/9/2, 25, 20, 15, 17, 2, 3
2018/9/3, 47, 25, 7, 9, 1, 3
2018/9/4, 45, 25, 38, 7, 1, 2
2018/9/5, 57, 27, 40, 12, 2, 3
2018/9/6, 74, 18, 31, 6, , 1
2018/9/7, 41, 12, 11, 4, , 1
2018/9/8, 32, 10, 12, 4, 1, 1
2018/9/9, 32, 11, 9, 11, 2, 2
2018/9/10, 26, 6, 32, 6, , 1
2018/9/11, 21, 12, 32, 7, 1, 2
2018/9/12, 37, 16, 31, 15, 2, 3
2018/9/13, 49, 18, 14, 22, 2, 3
2018/9/14, 45, 11, 25, 14, 1, 1
2018/9/15, 23, 17, 35, 15, 4, 3
2018/9/16, 51, 26, 49, 11, 1, 4
2018/9/17, 65, 15, 32, 21, 3, 3
2018/9/18, 46, 10, 34, 11, 2, 2
2018/9/19, 32, 12, 26, 16, 1, 3
2018/9/20, 34, 6, 25, 9, , 1
2018/9/21, 15, 11, 25, 18, 1, 4
2018/9/22, 37, 12, 34, 10, 1, 4
2018/9/23, 44, 15, 34, 8, 1, 2
2018/9/24, 38, 12, 24, 12, 1, 3
2018/9/25, 35, 9, 24, 10, , 2
2018/9/26, 21, 9, 23, 12, , 2
2018/9/27, 25, 11, 31, 19, 2, 5
2018/9/28, 49, 16, 19, 20, 1, 4
2018/9/29, 39, 12, 26, 7, , 2
2018/9/30, 33, 19, 37, 11, 1, 2
2018/4/1, 60, 28, 46, 18, 2, 5
2018/4/2, 79, 38, 43, 19, 3, 5
2018/4/3, 90, 45, 46, 24, 2, 4
2018/4/4, 100, 12, 33, 13, 2, 3
2018/4/5, 38, 25, 31, 13, 1, 3
2018/4/6, 65, 13, 37, 10, 1, 3
2018/4/7, 38, 14, 42, 7, 2, 4
2018/4/8, 56, 14, 43, 14, 2, 3
2018/4/9, 54, 16, 40, 17, 5, 3
2018/4/10, 60, 18, 41, 12, 2, 3
2018/4/11, 63, 16, 41, 17, 3, 3
2018/4/12, 63, 12, 43, 7, 2, 3
2018/4/13, 49, 14, 38, 16, 2, 4
2018/4/14, 43, 13, 42, 6, , 3
2018/4/15, 37, 17, 37, 8, 2, 3
2018/4/16, 55, 14, 32, 13, , 4
2018/4/17, 40, 16, 31, 13, , 3
2018/4/18, 42, 18, 37, 22, 3, 4
2018/4/19, 55, 26, 62, 19, 9, 5
2018/4/20, 78, 28, 58, 22, 4, 4
2018/4/21, 85, 38, 89, 19, 5, 5
2018/4/22, 101, 35, 49, 14, 3, 4
2018/4/23, 80, 23, 31, 16, 4, 4
2018/4/24, 60, 18, 28, 22, , 4
2018/4/25, 44, 7, 42, 9, 2, 3
2018/4/26, 38, 12, 35, 15, 2, 4
2018/4/27, 38, 19, 55, 11, 4, 3
2018/4/28, 66, 22, 58, 7, 2, 3
2018/4/29, 69, 20, 45, 7, 2, 4
2018/4/30, 65, 24, 69, 16, 4, 4
2018/5/1, 78, 26, 44, 16, 4, 4
2018/5/2, 73, 16, 44, 5, , 3
2018/5/3, 51, 9, 46, 5, , 2
2018/5/4, 43, 15, 58, 8, 2, 3
2018/5/5, 69, 21, 60, 11, 4, 4
2018/5/6, 74, 12, 44, 10, 1, 3
2018/5/7, 36, 9, 34, 7, , 3
2018/5/8, 26, 4, 30, 7, , 2
2018/5/9, 19, 8, 24, 19, 1, 3
2018/5/10, 27, 11, 44, 14, 2, 3
2018/5/11, 50, 23, 47, 25, 5, 5
2018/5/12, 73, 13, 41, 7, 1, 2
2018/5/13, 40, 19, 48, 12, , 3
2018/5/14, 69, 14, 48, 18, 1, 4
2018/5/15, 64, 17, 52, 13, 1, 3
2018/5/16, 52, 31, 43, 24, 9, 5
2018/5/17, 85, 45, 38, 31, 4, 5
2018/5/18, 102, 18, 37, 8, 1, 3
2018/5/19, 56, 5, 38, 7, 3, 3
2018/5/20, 38, 11, 40, 17, 2, 2
2018/5/21, 55, 14, 43, 23, 5, 4
2018/5/22, 64, 14, 26, 19, 4, 3
2018/5/23, 44, 13, 38, 13, 2, 2
2018/5/24, 49, 16, 44, 17, 2, 2
2018/5/25, 52, 28, 52, 14, 1, 3
2018/5/26, 71, 24, 67, 11, 5, 3
2018/5/27, 73, 20, 36, 16, 2, 3
2018/5/28, 56, 20, 34, 17, 2, 2
2018/5/29, 62, 18, 31, 17, 3, 2
2018/5/30, 53, 13, 28, 13, 1, 1
2018/5/31, 41, 8, 53, 8, 3, 2
2018/6/1, 39, 13, 62, 15, 3, 3
2018/6/2, 51, 13, 54, 9, 2, 2
2018/6/3, 56, 11, 54, 13, 2, 2
2018/6/4, 51, 12, 47, 15, 2, 2
2018/6/5, 48, 14, 40, 12, 1, 3
2018/6/6, 42, 14, 45, 16, 3, 3
2018/6/7, 55, 13, 39, 13, 1, 2
2018/6/8, 50, 19, 64, 13, 4, 4
2018/6/9, 63, 15, 40, 5, 1, 2
2018/6/10, 38, 4, 18, 8, , 2
2018/6/11, 12, 15, 21, 14, 2, 3
2018/6/12, 50, 13, 34, 13, 3, 3
2018/6/13, 45, 11, 29, 12, 3, 3
2018/6/14, 35, 9, 21, 11, 2, 2
2018/6/15, 21, 5, 21, 6, , 
2018/6/16, 18, 10, 28, 9, 4, 3
2018/6/17, 38, 16, 10, 20, 1, 3
2018/6/18, 45, 13, 39, 14, 3, 3
2018/6/19, 51, 10, 19, 15, 2, 2
2018/6/20, 27, 18, 19, 19, 3, 4
2018/6/21, 43, 27, 55, 20, 2, 5
2018/6/22, 74, 35, 29, 21, 3, 7
2018/6/23, 77, 20, 48, 10, 2, 3
2018/6/24, 58, 25, 59, 27, 5, 4
2018/6/25, 77, 26, 48, 13, 2, 3
2018/6/26, 68, 12, 22, 6, 1, 1
2018/6/27, 40, 20, 12, 6, 1, 1
2018/6/28, 50, 13, 8, 5, 1, 2
2018/6/29, 37, 12, 8, 6, 1, 1
2018/6/30, 41, 17, 11, 4, 1, 1
2018/1/1, 32, 6, 28, 8, 2, 3
2018/1/2, 21, 3, 28, 5, 2, 2
2018/1/3, 18, 3, 28, 7, 2, 2
2018/1/4, 17, 7, 23, 16, 1, 3
2018/1/5, 28, 13, 20, 28, 2, 4
2018/1/6, 47, 5, 29, 8, 1, 3
2018/1/7, 22, 16, 17, 22, 2, 4
2018/1/8, 50, 26, 20, 24, 1, 5
2018/1/9, 56, 8, 25, 18, 1, 3
2018/1/10, 44, 5, 22, 15, 1, 
2018/1/11, 26, 8, 15, 22, 2, 
2018/1/12, 26, 11, 11, 30, 5, 
2018/1/13, 40, 6, 30, 7, 2, 
2018/1/14, 24, 14, 15, 32, 2, 
2018/1/15, 47, 22, 13, 44, 4, 
2018/1/16, 66, 32, 8, 37, 2, 
2018/1/17, 85, 15, 18, 31, 3, 
2018/1/18, 46, 11, 24, 17, 1, 
2018/1/19, 44, 11, 20, 10, , 
2018/1/20, 39, , , , , 
2018/1/22, 31, 10, 21, 25, 1, 
2018/1/23, 39, 5, 24, 20, , 
2018/1/24, 18, 4, 25, 10, 1, 2
2018/1/25, 15, 4, 28, 12, 1, 2
2018/1/26, 23, 6, 30, 8, 1, 2
2018/1/27, 27, 14, 27, 18, 2, 4
2018/1/28, 50, 16, 22, 27, 2, 5
2018/1/29, 58, 8, 23, 19, 1, 3
2018/1/30, 33, 17, 10, 38, 4, 5
2018/1/31, 64, 20, 16, 27, 1, 4
2018/2/1, 63, 13, 18, 17, , 3
2018/2/2, 48, 25, 17, 23, 1, 4
2018/2/3, 75, 12, 28, 13, 3, 4
2018/2/4, 46, 8, 26, 19, 2, 4
2018/2/5, 35, 7, 23, 18, 1, 3
2018/2/6, 39, 7, 23, 21, 2, 3
2018/2/7, 31, 6, 22, 18, 1, 3
2018/2/8, 34, 20, 24, 29, 3, 4
2018/2/9, 70, 30, 36, 34, 3, 5
2018/2/10, 87, 18, 31, 11, 2, 3
2018/2/11, 55, 6, 30, 9, 1, 3
2018/2/12, 32, 7, 26, 21, 1, 3
2018/2/13, 36, 11, 22, 25, 4, 4
2018/2/14, 46, 16, 26, 24, 3, 4
2018/2/15, 58, 10, 28, 15, 3, 3
2018/2/16, 39, 11, 30, 13, 2, 3
2018/2/17, 43, 6, 33, 4, 1, 2
2018/2/18, 26, 11, 25, 24, 4, 4
2018/2/19, 44, 16, 25, 25, 4, 3
2018/2/20, 60, 12, 25, 22, 2, 3
2018/2/21, 49, 12, 27, 13, 1, 2
2018/2/22, 49, 18, 20, 23, 1, 4
2018/2/23, 63, 19, 32, 24, 2, 4
2018/2/24, 66, 10, 30, 9, 1, 3
2018/2/25, 41, 14, 31, 13, 1, 3
2018/2/26, 53, 18, 27, 24, 3, 5
2018/2/27, 60, 28, 33, 28, 2, 4
2018/2/28, 81, 14, 35, 18, 1, 4
2018/3/1, 47, 8, 36, 9, 1, 3
2018/3/2, 37, 15, 25, 25, 5, 4
2018/3/3, 56, 23, 37, 19, 3, 4
2018/3/4, 70, 17, 28, 14, 1, 3
2018/3/5, 42, 7, 32, 9, 1, 2
2018/3/6, 31, 10, 30, 10, 1, 3
2018/3/7, 39, 10, 22, 17, , 3
2018/3/8, 35, 8, 26, 16, 1, 3
2018/3/9, 27, 6, 31, 10, 2, 3
2018/3/10, 27, 13, 32, 12, 3, 3
2018/3/11, 50, 15, 35, 16, 3, 4
2018/3/12, 53, 24, 30, 29, 3, 4
2018/3/13, 68, 36, 26, 49, 8, 5
2018/3/14, 90, 35, 37, 31, 3, 5
2018/3/15, 85, 13, 32, 13, , 3
2018/3/16, 31, 8, 31, 11, 2, 3
2018/3/17, 36, 11, 35, 13, 2, 3
2018/3/18, 45, 24, 23, 29, 1, 4
2018/3/19, 66, 11, 32, 10, 1, 2
2018/3/20, 36, 10, 29, 10, 1, 3
2018/3/21, 35, 5, 25, 16, 1, 3
2018/3/22, 25, 5, 28, 14, 2, 3
2018/3/23, 29, 9, 29, 18, 4, 4
2018/3/24, 35, 16, 47, 13, 3, 4
2018/3/25, 58, 30, 36, 30, 3, 5
2018/3/26, 84, 45, 56, 35, 5, 7
2018/3/27, 112, 47, 48, 32, 4, 7
2018/3/28, 118, 41, 49, 33, 5, 6
2018/3/29, 107, 15, 44, 9, 2, 4
2018/3/30, 56, 12, 43, 13, 2, 4
2018/3/31, 50, 17, 46, 9, 1, 4
2017/10/1, 56, 17, 23, 22, 3, 3
2017/10/2, 45, 29, 34, 18, 2, 3
2017/10/3, 63, 10, 26, 10, 1, 3
2017/10/4, 32, 7, 30, 9, 1, 
2017/10/5, 27, 17, 23, 15, , 3
2017/10/6, 39, 7, 25, 11, 1, 4
2017/10/7, 23, 16, 30, 12, 2, 3
2017/10/8, 42, 14, 33, 13, 3, 3
2017/10/9, 44, 25, 48, 26, 2, 4
2017/10/10, 68, 39, 20, 22, 1, 5
2017/10/11, 72, 38, 42, 24, 3, 4
2017/10/12, 79, 8, 24, 10, , 2
2017/10/13, 17, 9, 22, 11, , 2
2017/10/14, 23, 13, 19, 9, , 2
2017/10/15, 27, 10, 18, 11, , 2
2017/10/16, 22, 10, 18, 15, , 3
2017/10/17, 24, 16, 29, 13, 1, 3
2017/10/18, 43, 12, 22, 11, , 2
2017/10/19, 28, 6, 21, 11, 1, 3
2017/10/20, 16, 6, 14, 12, 1, 2
2017/10/21, 13, 6, 24, 6, , 2
2017/10/22, 10, 10, 33, 6, 1, 2
2017/10/23, 29, 11, 24, 10, 1, 3
2017/10/24, 33, 18, 19, 17, 1, 3
2017/10/25, 42, 15, 29, 18, 1, 3
2017/10/26, 49, 21, 26, 23, 2, 4
2017/10/27, 61, 28, 19, 18, 1, 3
2017/10/28, 62, 12, 22, 9, , 2
2017/10/29, 22, 6, 31, 7, 1, 2
2017/10/30, 24, 11, 24, 20, 2, 5
2017/10/31, 39, 17, 13, 28, 2, 4
2017/11/1, 53, 21, 33, 20, 2, 3
2017/11/2, 56, 21, 33, 17, 2, 4
2017/11/3, 57, 22, 30, 17, 2, 4
2017/11/4, 57, 14, 33, 8, 2, 3
2017/11/5, 43, 25, 11, 32, 4, 4
2017/11/6, 71, 31, 16, 34, 5, 5
2017/11/7, 78, 35, 11, 32, 1, 5
2017/11/8, 85, 21, 29, 12, 1, 5
2017/11/9, 56, 21, 19, 28, 3, 5
2017/11/10, 58, 13, 31, 10, 2, 3
2017/11/11, 41, 6, 29, 6, 2, 2
2017/11/12, 25, 17, 13, 23, 2, 3
2017/11/13, 52, 34, 12, 26, , 4
2017/11/14, 68, 24, 13, 23, 1, 5
2017/11/15, 65, 11, 26, 13, , 3
2017/11/16, 34, 9, 16, 21, 3, 3
2017/11/17, 38, 22, 18, 25, 1, 4
2017/11/18, 63, 5, 26, 8, 2, 3
2017/11/19, 21, 11, 14, 22, 4, 4
2017/11/20, 36, 7, 26, 13, , 3
2017/11/21, 32, 21, 7, 30, , 4
2017/11/22, 63, 24, 25, 15, , 3
2017/11/23, 49, 7, 21, 20, 2, 4
2017/11/24, 27, 10, 12, 31, 2, 6
2017/11/25, 41, 14, 29, 17, 1, 4
2017/11/26, 48, 15, 20, 19, , 3
2017/11/27, 41, 22, 17, 21, , 1
2017/11/28, 59, 33, 11, 41, 6, 2
2017/11/29, 68, 16, 17, 20, 1, 3
2017/11/30, 46, 7, 14, 16, 1, 3
2017/12/1, 26, 9, 16, 17, , 4
2017/12/2, 29, 19, 21, 18, 1, 4
2017/12/3, 60, 20, 10, 26, , 4
2017/12/4, 60, 14, 20, 26, 2, 4
2017/12/5, 43, 6, 19, 17, 1, 3
2017/12/6, 31, 16, 10, 31, 2, 5
2017/12/7, 53, 30, 12, 33, 2, 6
2017/12/8, 74, 8, 21, 19, 2, 5
2017/12/9, 28, 15, 23, 20, 2, 5
2017/12/10, 53, 20, 22, 29, , 5
2017/12/11, 58, 5, 22, 17, 1, 3
2017/12/12, 17, 3, 22, 11, 1, 1
2017/12/13, 16, 4, 25, 11, 2, 2
2017/12/14, 19, 15, 9, 31, 1, 6
2017/12/15, 48, 37, 6, 44, 3, 6
2017/12/16, 97, 14, 28, 12, 1, 5
2017/12/17, 35, 11, 17, 29, 4, 4
2017/12/18, 43, 17, 21, 25, 1, 3
2017/12/19, 61, 11, 17, 26, 2, 3
2017/12/20, 41, 18, 18, 27, 1, 4
2017/12/21, 55, 24, 6, 40, 6, 6
2017/12/22, 71, 28, 19, 35, 2, 6
2017/12/23, 75, 27, 13, 31, 4, 5
2017/12/24, 73, 27, 29, 15, 1, 4
2017/12/25, 50, 3, 23, 16, 2, 3
2017/12/26, 25, 3, 23, 10, 1, 1
2017/12/27, 9, 4, 27, 9, 1, 2
2017/12/28, 14, 5, 31, 11, 2, 3
2017/12/29, 23, 4, 29, 7, 1, 2
2017/12/30, 18, 11, 20, 11, 1, 3
2017/12/31, 39, 6, 28, 7, 1, 3
2017/7/1, 34, 24, 37, 17, 5, 5
2017/7/2, 54, 39, 57, 23, 3, 4
2017/7/3, 82, 42, 20, 23, 5, 4
2017/7/4, 66, 18, 35, 18, 6, 4
2017/7/5, 40, 15, 40, 12, 3, 2
2017/7/6, 44, 29, 54, 20, 3, 4
2017/7/7, 69, 33, 83, 18, 4, 4
2017/7/8, 83, 37, 59, 11, 3, 4
2017/7/9, 77, 19, 24, 12, 2, 3
2017/7/10, 47, 11, 12, 10, 2, 1
2017/7/11, 33, 18, 16, 9, , 1
2017/7/12, 41, 19, 13, 8, , 1
2017/7/13, 40, 15, 18, 12, 3, 2
2017/7/14, 39, 23, 42, 18, 4, 4
2017/7/15, 56, 34, 73, 19, 4, 4
2017/7/16, 71, 26, 57, 11, 3, 3
2017/7/17, 65, 35, 46, 15, 2, 3
2017/7/18, 68, 29, 54, 22, 4, 4
2017/7/19, 58, 18, 30, 12, 1, 2
2017/7/20, 45, 17, 17, 13, 2, 2
2017/7/21, 47, 17, 13, 9, 1, 2
2017/7/22, 40, 12, 13, 5, 1, 1
2017/7/23, 24, 16, 22, 10, 1, 2
2017/7/24, 39, 26, 25, 12, 1, 2
2017/7/25, 46, 15, 20, 10, , 3
2017/7/26, 28, 12, 29, 9, 1, 2
2017/7/27, 33, 19, 29, 13, 3, 2
2017/7/28, 45, 25, 17, 11, 2, 2
2017/7/29, 50, 13, 15, 6, 1, 2
2017/7/30, 30, 20, 34, 16, 3, 3
2017/7/31, 45, 21, 23, 12, 2, 2
2017/8/1, 42, 12, 18, 7, , 2
2017/8/2, 29, 13, 21, 14, 1, 2
2017/8/3, 37, 19, 19, 14, 2, 3
2017/8/4, 37, 27, 40, 16, 2, 3
2017/8/5, 50, 33, 35, 12, 4, 4
2017/8/6, 59, 27, 10, 11, 2, 3
2017/8/7, 51, 31, 45, 10, 2, 3
2017/8/8, 57, 29, 68, 15, 5, 3
2017/8/9, 58, 34, 13, 16, 2, 3
2017/8/10, 57, 16, 13, 5, , 1
2017/8/11, 28, 16, 24, 7, 1, 2
2017/8/12, 41, 13, 21, 7, 1, 3
2017/8/13, 37, 26, 11, 10, 1, 2
2017/8/14, 42, 14, 13, 9, 1, 1
2017/8/15, 24, 10, 13, 6, , 1
2017/8/16, 13, 11, 19, 9, 1, 2
2017/8/17, 28, 33, 19, 18, 2, 4
2017/8/18, 53, 31, 24, 15, 1, 2
2017/8/19, 62, 13, 26, 7, 1, 1
2017/8/20, 37, 24, 34, 16, 3, 3
2017/8/21, 49, 30, 23, 14, 2, 2
2017/8/22, 49, 25, 51, 11, 1, 3
2017/8/23, 50, 30, 54, 23, 3, 4
2017/8/24, 69, 42, 59, 22, 3, 4
2017/8/25, 75, 37, 55, 15, 2, 4
2017/8/26, 64, 18, 37, 6, 1, 2
2017/8/27, 37, 23, 41, 14, 3, 3
2017/8/28, 46, 24, 22, 10, , 2
2017/8/29, 50, 30, 26, 14, 2, 2
2017/8/30, 56, 12, 29, 8, 1, 2
2017/8/31, 22, 10, 33, 8, 1, 2
2017/9/1, 33, 8, 30, 6, , 
2017/9/2, 26, 12, 37, 12, 3, 4
2017/9/3, 41, 18, 18, 14, 1, 2
2017/9/4, 39, 18, 31, 14, 1, 3
2017/9/5, 48, 22, 13, 15, 1, 3
2017/9/6, 41, , , , , 
2017/9/11, 44, 15, 20, 16, 1, 3
2017/9/12, 27, 12, 35, 15, 3, 3
2017/9/13, 33, 17, 49, 14, 1, 3
2017/9/14, 49, 11, 34, 9, 2, 2
2017/9/15, 37, 14, 24, 9, 1, 2
2017/9/16, 27, 10, 21, 6, 1, 2
2017/9/17, 18, 17, 39, 10, 2, 2
2017/9/18, 47, 16, 39, 15, 3, 4
2017/9/19, 45, 28, 30, 25, 2, 4
2017/9/20, 64, 19, 46, 15, 7, 3
2017/9/21, 60, 21, 25, 21, 3, 4
2017/9/22, 50, 9, 34, 6, 1, 2
2017/9/23, 24, 15, 35, 15, 5, 4
2017/9/24, 45, 21, 36, 21, 2, 4
2017/9/25, 60, 22, 36, 20, 3, 4
2017/9/26, 55, 17, 27, 16, 2, 2
2017/9/27, 42, 9, 26, 8, 1, 2
2017/9/28, 22, 12, 30, 16, 2, 4
2017/9/29, 37, 20, 28, 18, 1, 3
2017/9/30, 50, 19, 39, 13, 4, 4
2017/4/1, 41, 11, 38, 8, 2, 3
2017/4/2, 42, 16, 33, 19, 3, 3
2017/4/3, 54, 21, 37, 22, 4, 4
2017/4/4, 66, 24, 43, 23, 2, 4
2017/4/5, 70, 20, 40, 16, 2, 2
2017/4/6, 55, 20, 38, 14, 1, 2
2017/4/7, 40, 16, 23, 20, 1, 4
2017/4/8, 38, 31, 37, 10, , 4
2017/4/9, 55, 12, 34, 14, 3, 2
2017/4/10, 51, 14, 23, 21, 1, 3
2017/4/11, 43, 8, 43, 14, 2, 3
2017/4/12, 29, 16, 37, 19, 4, 4
2017/4/13, 55, 24, 44, 27, 5, 4
2017/4/14, 69, 23, 53, 16, 2, 4
2017/4/15, 67, 23, 44, 23, 5, 4
2017/4/16, 72, 24, 37, 28, 4, 4
2017/4/17, 69, 16, 33, 15, 2, 3
2017/4/18, 44, 15, 45, 13, 2, 4
2017/4/19, 44, 14, 39, 16, 4, 3
2017/4/20, 53, 21, 31, 30, 5, 4
2017/4/21, 57, 33, 42, 17, 2, 3
2017/4/22, 69, 10, 43, 6, 2, 2
2017/4/23, 39, 11, 35, 19, 3, 3
2017/4/24, 45, 13, 36, 18, 3, 3
2017/4/25, 47, 12, 34, 15, 1, 2
2017/4/26, 37, 12, 40, 14, 2, 3
2017/4/27, 36, 15, 39, 20, 3, 3
2017/4/28, 52, 17, 56, 12, 3, 4
2017/4/29, 58, 19, 61, 13, 3, 4
2017/4/30, 65, 21, 53, 17, 1, 2
2017/5/1, 64, 7, 44, 10, 2, 2
2017/5/2, 39, 8, 43, 11, 2, 3
2017/5/3, 39, 10, 44, 8, 2, 2
2017/5/4, 38, 18, 47, 9, 2, 3
2017/5/5, 50, 17, 39, 8, 2, 2
2017/5/6, 54, 28, 44, 9, 3, 3
2017/5/7, 62, 38, 47, 28, 5, 4
2017/5/8, 95, 22, 42, 18, 4, 3
2017/5/9, 60, 24, 25, 22, 3, 3
2017/5/10, 55, 19, 43, 22, 3, 5
2017/5/11, 59, 33, 54, 17, 2, 4
2017/5/12, 74, 36, 43, 13, 1, 3
2017/5/13, 64, 7, 37, 4, , 2
2017/5/14, 16, 17, 33, 16, 2, 4
2017/5/15, 42, 25, 40, 15, 3, 3
2017/5/16, 59, 15, 33, 10, 3, 3
2017/5/17, 40, 16, 37, 15, 1, 3
2017/5/18, 45, 32, 61, 26, 4, 5
2017/5/19, 75, 35, 75, 21, 3, 4
2017/5/20, 84, 33, 86, 15, 4, 4
2017/5/21, 86, 22, 41, 19, 3, 3
2017/5/22, 70, 13, 36, 13, 2, 2
2017/5/23, 48, 10, 33, 13, 2, 
2017/5/24, 34, 11, 31, 12, 1, 
2017/5/25, 27, 16, 24, 17, 1, 2
2017/5/26, 39, 25, 38, 14, 2, 3
2017/5/27, 61, 16, 58, 8, 1, 3
2017/5/28, 44, 25, 41, 19, 3, 4
2017/5/29, 64, 27, 48, 22, 4, 4
2017/5/30, 67, 34, 43, 16, 2, 3
2017/5/31, 77, 17, 28, 19, 2, 3
2017/6/1, 38, 19, 50, 15, 3, 3
2017/6/2, 50, 7, 45, 8, 1, 3
2017/6/3, 34, 7, 40, 4, 1, 2
2017/6/4, 31, 11, 38, 13, 2, 3
2017/6/5, 38, 11, 33, 15, 3, 3
2017/6/6, 35, 13, 29, 15, 2, 2
2017/6/7, 37, 12, 33, 13, 1, 3
2017/6/8, 29, 14, 40, 15, 2, 3
2017/6/9, 42, 21, 59, 13, 2, 4
2017/6/10, 61, 14, 40, 7, 1, 2
2017/6/11, 41, 12, 40, 11, 2, 2
2017/6/12, 40, 13, 24, 13, 1, 2
2017/6/13, 35, 16, 36, 13, 3, 3
2017/6/14, 39, 17, 41, 19, 3, 3
2017/6/15, 51, 29, 59, 19, 3, 3
2017/6/16, 72, 11, 40, 9, 2, 2
2017/6/17, 39, 15, 36, 5, 1, 2
2017/6/18, 34, 15, 49, 10, 2, 4
2017/6/19, 54, 34, 43, 20, 4, 4
2017/6/20, 77, 25, 31, 13, 2, 2
2017/6/21, 45, 14, 51, 12, 2, 3
2017/6/22, 40, 25, 81, 21, 3, 4
2017/6/23, 68, 19, 40, 16, 3, 3
2017/6/24, 54, 25, 24, 11, 2, 3
2017/6/25, 45, 18, 29, 19, 4, 3
2017/6/26, 48, 29, 32, 18, 3, 4
2017/6/27, 59, 41, 27, 26, 3, 5
2017/6/28, 65, 33, 63, 23, 6, 5
2017/6/29, 63, 18, 28, 15, 2, 3
2017/6/30, 41, 19, 31, 15, , 3
2017/1/2, 54, 12, 35, 13, 1, 4
2017/1/3, 49, 16, 33, 13, 2, 4
2017/1/4, 53, 8, 31, 6, 1, 2
2017/1/5, 27, 7, 26, 16, , 2
2017/1/6, 31, 18, 15, 32, 1, 4
2017/1/7, 58, 24, 20, 20, , 4
2017/1/8, 67, 5, 28, 11, , 3
2017/1/9, 19, 10, 25, 23, 2, 3
2017/1/10, 37, 6, 22, 20, 2, 3
2017/1/11, 27, 8, 21, 28, 1, 4
2017/1/12, 30, 12, 20, 31, 1, 4
2017/1/13, 41, 5, 23, 17, 1, 3
2017/1/14, 23, 5, 26, 8, 2, 2
2017/1/15, 18, 6, 25, 22, 2, 3
2017/1/16, 24, 5, 23, 19, 3, 3
2017/1/17, 23, 10, 14, 31, 3, 4
2017/1/18, 37, 13, 29, 19, 1, 3
2017/1/19, 42, 24, 21, 27, 1, 4
2017/1/20, 76, 13, 31, 12, 1, 3
2017/1/21, 42, 20, 27, 20, 2, 4
2017/1/22, 66, 8, 29, 11, 4, 4
2017/1/23, 24, 5, 28, 14, 1, 3
2017/1/24, 21, 5, 31, 14, 4, 3
2017/1/25, 24, 11, 22, 30, 4, 4
2017/1/26, 43, 17, 25, 35, 1, 5
2017/1/27, 57, 12, 26, 21, 2, 3
2017/1/28, 40, 18, 26, 19, 1, 2
2017/1/29, 56, 20, 30, 23, 1, 5
2017/1/30, 56, 5, 30, 8, 1, 2
2017/1/31, 21, 10, 27, 19, 1, 3
2017/2/1, 39, 4, 31, 10, 2, 2
2017/2/2, 22, 7, 31, 16, 3, 3
2017/2/3, 33, 10, 32, 19, 2, 4
2017/2/4, 39, 20, 23, 24, 2, 4
2017/2/5, 58, 15, 35, 16, 2, 4
2017/2/6, 49, 7, 33, 8, 3, 2
2017/2/7, 26, 5, 31, 9, 2, 2
2017/2/8, 21, 17, 19, 22, 1, 4
2017/2/9, 53, 13, 30, 12, 1, 3
2017/2/10, 43, 5, 30, 12, 1, 3
2017/2/11, 27, 4, 32, 8, 2, 2
2017/2/12, 25, 4, 30, 11, 2, 2
2017/2/13, 25, 5, 32, 10, 5, 2
2017/2/14, 25, 8, 30, 17, 3, 3
2017/2/15, 33, 17, 25, 31, 3, 4
2017/2/16, 60, 18, 31, 29, 1, 4
2017/2/17, 56, 8, 34, 12, 1, 3
2017/2/18, 29, 8, 34, 9, 3, 3
2017/2/19, 34, 20, 34, 20, 1, 3
2017/2/20, 52, 6, 34, 7, 2, 2
2017/2/21, 23, 10, 29, 22, 2, 4
2017/2/22, 37, 19, 31, 20, 1, 4
2017/2/23, 42, 6, 34, 7, 1, 2
2017/2/24, 27, 11, 28, 20, 3, 3
2017/2/25, 45, 12, 35, 15, 3, 3
2017/2/26, 51, 9, 33, 12, 1, 3
2017/2/27, 34, 10, 32, 12, 1, 3
2017/2/28, 39, 21, 28, 23, 3, 3
2017/3/1, 58, 39, 18, 22, , 4
2017/3/2, 89, 13, 36, 17, 3, 4
2017/3/3, 40, 13, 29, 23, 4, 4
2017/3/4, 49, 26, 40, 19, 3, 4
2017/3/5, 74, 39, 26, 30, 1, 5
2017/3/6, 92, 10, 32, 15, 2, 3
2017/3/7, 35, 10, 24, 22, 1, 3
2017/3/8, 40, 13, 25, 25, 3, 4
2017/3/9, 46, 11, 37, 16, 2, 3
2017/3/10, 44, 9, 37, 10, 1, 3
2017/3/11, 40, 12, 36, 11, 3, 3
2017/3/12, 45, 18, 27, 18, 1, 3
2017/3/13, 61, 21, 26, 13, , 3
2017/3/14, 44, 9, 32, 11, , 2
2017/3/15, 26, 12, 32, 21, 2, 3
2017/3/16, 44, 9, 39, 10, 1, 2
2017/3/17, 35, 15, 37, 20, 2, 3
2017/3/18, 57, 38, 65, 15, 3, 4
2017/3/19, 103, 33, 50, 11, 3, 4
2017/3/20, 91, 16, 38, 18, 2, 3
2017/3/21, 43, 13, 41, 7, 1, 2
2017/3/22, 46, 16, 34, 19, 2, 3
2017/3/23, 59, 11, 36, 9, 2, 2
2017/3/24, 44, 12, 35, 13, 2, 2
2017/3/25, 46, 13, 29, 9, 1, 2
2017/3/26, 45, 5, 31, 11, , 2
2017/3/27, 17, 15, 35, 20, 2, 3
2017/3/28, 50, 25, 31, 24, 3, 4
2017/3/29, 70, 37, 36, 38, 7, 5
2017/3/30, 92, 19, 41, 15, 1, 3
2017/3/31, 61, 11, 34, 9, 1, 2
2016/10/1, 42, 24, 60, 15, 4, 4
2016/10/2, 71, 28, 10, 21, 4, 3
2016/10/3, 53, 13, 31, 14, 1, 3
2016/10/4, 54, 23, 25, 18, 2, 3
2016/10/5, 49, 9, 31, 9, 1, 2
2016/10/6, 28, 12, 29, 13, 3, 3
2016/10/7, 43, 22, 16, 22, 2, 4
2016/10/8, 54, 12, 27, 6, , 2
2016/10/9, 26, 6, 25, 7, 1, 2
2016/10/10, 22, 8, 24, 10, 1, 2
2016/10/11, 29, 15, 25, 21, 3, 3
2016/10/12, 55, 9, 24, 12, 1, 2
2016/10/13, 29, 13, 25, 17, , 2
2016/10/14, 48, 17, 34, 21, 1, 3
2016/10/15, 67, 20, 37, 16, 1, 3
2016/10/16, 63, 28, 9, 30, 1, 5
2016/10/17, 62, 19, 22, 17, 1, 3
2016/10/18, 53, 15, 26, 16, 2, 2
2016/10/19, 39, 19, 36, 14, 1, 2
2016/10/20, 54, 17, 31, 20, 5, 2
2016/10/21, 55, 20, 19, 18, 2, 
2016/10/22, 56, 17, 33, 8, 1, 1
2016/10/23, 62, 9, 25, 17, 3, 3
2016/10/24, 40, 18, 13, 27, 1, 4
2016/10/25, 53, 33, 11, 39, 4, 5
2016/10/26, 82, 14, 33, 10, 1, 2
2016/10/27, 39, 22, 13, 24, 1, 3
2016/10/28, 56, 10, 27, 13, , 3
2016/10/29, 41, 11, 24, 7, , 2
2016/10/30, 42, 25, 12, 25, 1, 3
2016/10/31, 68, 18, 14, 25, 1, 2
2016/11/1, 50, 6, 19, 15, , 2
2016/11/2, 27, 11, 31, 10, 1, 2
2016/11/3, 48, 8, 29, 15, 2, 2
2016/11/4, 42, 21, 24, 27, 3, 4
2016/11/5, 70, 18, 33, 11, 1, 3
2016/11/6, 63, 13, 29, 10, 1, 2
2016/11/7, 49, 29, 8, 33, 1, 5
2016/11/8, 79, 10, 31, 9, 1, 2
2016/11/9, 35, 6, 29, 13, 1, 2
2016/11/10, 30, 17, 12, 21, 1, 2
2016/11/11, 41, 11, 19, 19, 1, 3
2016/11/12, 41, 27, 18, 26, 3, 6
2016/11/13, 73, 36, 10, 29, 1, 4
2016/11/14, 77, 25, 21, 20, 1, 3
2016/11/15, 56, 8, 28, 11, , 2
2016/11/16, 27, 10, 21, 21, 1, 3
2016/11/17, 38, 15, 19, 27, 4, 4
2016/11/18, 53, 27, 7, 25, , 4
2016/11/19, 66, 32, 10, 27, 2, 7
2016/11/20, 80, 25, 19, 20, 1, 4
2016/11/21, 60, 31, 14, 29, 2, 6
2016/11/22, 72, 10, 23, 12, 1, 3
2016/11/23, 24, 7, 21, 18, 1, 2
2016/11/24, 26, 14, 6, 29, 2, 4
2016/11/25, 55, 10, 16, 22, 1, 4
2016/11/26, 47, 18, 14, 16, 1, 3
2016/11/27, 55, 9, 26, 12, 1, 3
2016/11/28, 29, 5, 27, 10, 1, 2
2016/11/29, 32, 9, 22, 19, 1, 2
2016/11/30, 40, 25, 12, 29, 1, 5
2016/12/1, 66, 11, 26, 15, 1, 3
2016/12/2, 40, 12, 19, 26, 1, 3
2016/12/3, 47, 28, 18, 25, 3, 5
2016/12/4, 74, 29, 18, 27, 2, 4
2016/12/5, 73, 12, 26, 18, 1, 4
2016/12/6, 37, 10, 23, 19, 1, 4
2016/12/7, 35, 12, 23, 22, 2, 3
2016/12/8, 50, 17, 26, 28, 2, 5
2016/12/9, 61, 6, 27, 9, 1, 3
2016/12/10, 25, 4, 27, 6, 1, 2
2016/12/11, 22, 13, 20, 27, 3, 4
2016/12/12, 45, 38, 5, 43, 1, 6
2016/12/13, 97, 15, 20, 16, , 3
2016/12/14, 29, 4, 25, 12, , 2
2016/12/15, 23, 8, 46, 19, 1, 3
2016/12/16, 24, 7, 37, 31, 3, 5
2016/12/17, 40, 16, 45, 32, 1, 6
2016/12/18, 53, 20, 17, 42, 2, 6
2016/12/19, 64, 37, 8, 49, 5, 7
2016/12/20, 94, 37, 7, 50, 4, 7
2016/12/21, 93, 37, 23, 33, 2, 7
2016/12/22, 80, 12, 25, 10, 1, 3
2016/12/23, 32, 3, 26, 10, 1, 2
2016/12/24, 17, 7, 20, 19, 1, 4
2016/12/25, 31, 18, 4, 34, 1, 6
2016/12/26, 59, 14, 25, 22, , 4
2016/12/27, 45, 5, 27, 8, 1, 2
2016/12/28, 20, 14, 17, 23, 1, 4
2016/12/29, 42, 4, 29, 6, 2, 2
2016/12/30, 22, 7, 23, 15, 2, 3
2016/12/31, 36, , , , , 
2016/7/1, 98, 43, 34, 15, 2, 3
2016/7/2, 97, 25, 25, 12, 6, 3
2016/7/3, 65, 29, 46, 18, 3, 3
2016/7/4, 71, 14, 23, 9, 2, 2
2016/7/5, 30, 21, 15, 24, 4, 4
2016/7/6, 52, 29, 48, 23, 2, 4
2016/7/7, 61, 25, 29, 22, 4, 4
2016/7/8, 58, 20, 22, 13, 3, 3
2016/7/9, 40, 16, 31, 13, 4, 3
2016/7/10, 50, 24, 54, 25, 4, 4
2016/7/11, 72, 27, 44, 19, , 4
2016/7/12, 63, 46, 15, 34, , 4
2016/7/13, 83, 43, 48, 20, , 4
2016/7/14, 75, 14, 24, 12, , 3
2016/7/15, 27, 17, 24, 16, , 4
2016/7/16, 42, 28, 24, 13, , 3
2016/7/17, 59, 25, 41, 11, , 4
2016/7/18, 61, 22, 46, 15, 2, 3
2016/7/19, 61, 17, 33, 16, 2, 3
2016/7/20, 43, 11, 17, 10, 1, 2
2016/7/21, 19, 10, 13, 11, , 2
2016/7/22, 22, 10, 25, 7, 1, 2
2016/7/23, 33, 11, 28, 6, 1, 
2016/7/24, 39, 17, 24, 16, 5, 3
2016/7/25, 46, 20, 14, 23, 9, 3
2016/7/26, 46, 12, 15, 17, 1, 3
2016/7/27, 37, 13, 14, 17, 2, 2
2016/7/28, 31, 11, 23, 18, 4, 3
2016/7/29, 45, 13, 31, 15, 3, 3
2016/7/30, 47, 13, 14, 5, 1, 1
2016/7/31, 30, 11, 12, 9, 2, 1
2016/8/1, 30, 15, 8, 16, 3, 3
2016/8/2, 34, 14, 17, 16, 2, 3
2016/8/3, 39, 14, 27, 15, 2, 3
2016/8/4, 31, 19, 34, 14, 2, 2
2016/8/5, 53, 17, 32, 15, 4, 3
2016/8/6, 55, 14, 18, 6, 2, 1
2016/8/7, 40, 10, 21, 6, 1, 1
2016/8/8, 36, 15, 38, 13, 1, 2
2016/8/9, 61, 24, 44, 13, 2, 3
2016/8/10, 62, 15, 37, 8, 2, 2
2016/8/11, 49, 18, 38, 11, 3, 2
2016/8/12, 45, 18, 56, 11, 3, 3
2016/8/13, 57, 13, 44, 6, 3, 2
2016/8/14, 48, 18, 30, 13, 4, 3
2016/8/15, 48, 17, 16, 7, 2, 2
2016/8/16, 35, 25, 35, 9, 1, 2
2016/8/17, 64, 28, 14, 18, 3, 3
2016/8/18, 53, 12, 12, 8, 1, 1
2016/8/19, 35, 12, 6, 9, 1, 2
2016/8/20, 25, 14, 10, 8, 2, 2
2016/8/21, 39, 18, 17, 8, 1, 2
2016/8/22, 26, 20, 16, 16, 1, 3
2016/8/23, 44, 12, 19, 16, 2, 2
2016/8/24, 33, 16, 12, 18, 4, 3
2016/8/25, 39, 17, 16, 15, 3, 2
2016/8/26, 49, 14, 21, 10, 2, 1
2016/8/27, 23, 10, 21, 6, 1, 2
2016/8/28, 29, 11, 12, 8, 1, 
2016/8/29, 31, 11, 26, 9, 1, 2
2016/8/30, 21, 19, 37, 12, , 2
2016/8/31, 59, 22, 34, 18, 2, 3
2016/9/1, 46, 32, 50, 16, 2, 3
2016/9/2, 74, 20, 26, 7, 1, 1
2016/9/3, 57, 19, 28, 8, 2, 3
2016/9/4, 48, 20, 16, 16, 2, 3
2016/9/5, 49, 15, 18, 12, 1, 2
2016/9/6, 40, 14, 23, 11, 1, 2
2016/9/7, 29, 19, 10, 11, 1, 2
2016/9/8, 26, 13, 40, 15, 2, 3
2016/9/9, 46, 16, 42, 11, 2, 3
2016/9/10, 52, 13, 35, 9, 2, 3
2016/9/11, 32, 15, 31, 10, 1, 3
2016/9/12, 42, 10, 16, 15, , 2
2016/9/13, 23, 12, 15, 22, 3, 3
2016/9/14, 32, 18, 20, 20, 2, 3
2016/9/15, 36, 16, 13, 17, , 3
2016/9/16, 33, 27, 37, 24, 3, 5
2016/9/17, 70, 19, 15, 9, 1, 3
2016/9/18, 41, 10, 20, 7, , 2
2016/9/19, 17, 6, 23, 11, , 2
2016/9/20, 10, 9, 22, 11, , 2
2016/9/21, 26, 9, 18, 10, 1, 2
2016/9/22, 19, 19, 4, 23, , 4
2016/9/23, 35, 27, 6, 24, 1, 5
2016/9/24, 49, 25, 36, 16, 3, 4
2016/9/25, 61, 32, 41, 20, 2, 5
2016/9/26, 71, 34, 14, 21, 2, 4
2016/9/27, 68, 25, 24, 15, 1, 3
2016/9/28, 53, 24, 20, 16, 1, 4
2016/9/29, 46, 11, 24, 16, 3, 3
2016/9/30, 34, 17, 21, 13, 1, 3
2016/4/1, 68, 17, 34, 11, 1, 
2016/4/2, 55, 29, 31, 14, 1, 5
2016/4/3, 64, 16, 28, 19, 1, 3
2016/4/4, 43, 11, 28, 23, 2, 3
2016/4/5, 31, 27, 34, 28, 4, 4
2016/4/6, 68, 23, 22, 29, 2, 4
2016/4/7, 56, 12, 31, 23, 3, 4
2016/4/8, 44, 21, 42, 19, 3, 4
2016/4/9, 63, 22, 52, 17, 3, 4
2016/4/10, 70, 17, 39, 8, 1, 2
2016/4/11, 54, 17, 38, 16, 2, 3
2016/4/12, 65, 23, 32, 23, 1, 4
2016/4/13, 61, 16, 24, 18, 2, 3
2016/4/14, 39, 11, 41, 10, 1, 3
2016/4/15, 46, 13, 42, 17, 3, 4
2016/4/16, 54, 20, 44, 6, , 2
2016/4/17, 51, 26, 42, 17, 1, 4
2016/4/18, 69, 21, 42, 17, 3, 4
2016/4/19, 66, 14, 42, 16, 3, 3
2016/4/20, 54, 18, 38, 18, 1, 3
2016/4/21, 51, 21, 38, 15, 2, 4
2016/4/22, 59, 16, 40, 14, 2, 3
2016/4/23, 50, 27, 44, 8, 1, 3
2016/4/24, 65, 22, 38, 17, 2, 1
2016/4/25, 69, 20, 39, 24, 3, 3
2016/4/26, 65, 28, 31, 20, 4, 3
2016/4/27, 62, 13, 29, 13, 1, 3
2016/4/28, 32, 6, 43, 5, 1, 2
2016/4/29, 31, 15, 44, 12, 2, 3
2016/4/30, 58, 28, 54, 22, 5, 5
2016/5/1, 80, 30, 43, 15, 3, 4
2016/5/2, 80, 31, 46, 13, 3, 4
2016/5/3, 80, 19, 50, 6, 1, 2
2016/5/4, 55, 22, 67, 9, 4, 3
2016/5/5, 74, 14, 38, 16, 1, 3
2016/5/6, 44, 12, 48, 12, 1, 3
2016/5/7, 49, 30, 53, 6, 2, 3
2016/5/8, 89, 33, 36, 19, 4, 4
2016/5/9, 71, 15, 29, 21, 2, 4
2016/5/10, 39, 16, 27, 12, 1, 3
2016/5/11, 37, 12, 45, 16, 3, 3
2016/5/12, 46, 15, 40, 22, 3, 4
2016/5/13, 58, 23, 47, 15, 2, 4
2016/5/14, 64, 16, 53, 7, 1, 2
2016/5/15, 56, 22, 37, 18, 3, 3
2016/5/16, 64, 13, 30, 15, 1, 3
2016/5/17, 32, 13, 47, 12, 2, 3
2016/5/18, 44, 16, 46, 14, 2, 3
2016/5/19, 62, 9, 34, 8, 1, 2
2016/5/20, 31, 8, 41, 10, 1, 2
2016/5/21, 42, 15, 54, 6, 1, 3
2016/5/22, 56, 29, 62, 24, 3, 4
2016/5/23, 96, 35, 49, 30, 4, 4
2016/5/24, 98, 33, 51, 16, 3, 3
2016/5/25, 79, 24, 32, 15, 1, 2
2016/5/26, 64, 12, 40, 11, , 2
2016/5/27, 35, 38, 42, 22, 3, 5
2016/5/28, 78, 35, 64, 13, 3, 4
2016/5/29, 88, 11, 37, 11, 2, 2
2016/5/30, 33, 15, 36, 18, 3, 4
2016/5/31, 47, 15, 47, 14, 2, 3
2016/6/1, 53, 6, 39, 5, 1, 1
2016/6/2, 30, 11, 35, 15, 2, 3
2016/6/3, 40, 14, 37, 14, , 2
2016/6/4, 47, 13, 40, 15, 3, 4
2016/6/5, 36, 22, 40, 13, 2, 3
2016/6/6, 59, 20, 22, 25, 3, 4
2016/6/7, 50, 21, 32, 23, 5, 4
2016/6/8, 62, 14, 19, 19, 2, 4
2016/6/9, 21, 18, 43, 20, 3, 3
2016/6/10, 36, 15, 39, 20, 5, 5
2016/6/11, 50, 14, 39, 10, 3, 3
2016/6/12, 43, 7, 28, 9, , 2
2016/6/13, 19, 9, 37, 15, 3, 3
2016/6/14, 41, 17, 24, 20, 3, 3
2016/6/15, 41, 14, 17, 20, 3, 2
2016/6/16, 35, 17, 29, 27, 4, 4
2016/6/17, 52, 18, 64, 13, 2, 3
2016/6/18, 67, 27, 47, 10, 2, 4
2016/6/19, 69, 28, 32, 20, 4, 4
2016/6/20, 72, 28, 43, 18, 1, 4
2016/6/21, 62, 43, 26, 28, 4, 5
2016/6/22, 82, 28, 30, 16, 2, 3
2016/6/23, 48, 15, 25, 19, 1, 3
2016/6/24, 32, 23, 32, 13, 1, 3
2016/6/25, 52, 19, 53, 13, 4, 3
2016/6/26, 52, 20, 38, 16, 3, 3
2016/6/27, 59, 17, 33, 13, 3, 2
2016/6/28, 38, 19, 27, 17, 3, 3
2016/6/29, 46, 36, 41, 26, 3, 5
2016/6/30, 76, 48, 70, 31, 7, 6
2016/1/4, 74, 23, 25, 27, 4, 5
2016/1/5, 69, 13, 19, 20, 1, 4
2016/1/6, 45, 12, 23, 18, 1, 4
2016/1/7, 41, 14, 17, 27, 1, 4
2016/1/8, 48, 13, 21, 25, 2, 5
2016/1/9, 52, 15, 23, 23, 3, 5
2016/1/10, 54, 8, 23, 15, 1, 3
2016/1/11, 30, 10, 19, 19, , 3
2016/1/12, 43, 23, 7, 37, 3, 6
2016/1/13, 71, 20, 11, 37, 3, 6
2016/1/14, 67, 13, 23, 23, 1, 4
2016/1/15, 54, 12, 25, 19, 1, 3
2016/1/16, 49, 10, 30, 11, 1, 3
2016/1/17, 44, 7, 24, 18, , 7
2016/1/18, 24, 4, 26, 18, 1, 3
2016/1/19, 21, 4, 25, 16, 1, 2
2016/1/20, 22, 4, 24, 16, 1, 3
2016/1/21, 16, 5, 27, 10, 1, 2
2016/1/22, 21, 10, 26, 18, 2, 3
2016/1/23, 35, 14, 31, 11, 1, 3
2016/1/24, 43, 6, 28, 18, 1, 4
2016/1/25, 30, 14, 16, 32, 2, 5
2016/1/26, 50, 16, 22, 35, 2, 5
2016/1/27, 58, 20, 24, 37, 3, 5
2016/1/28, 61, 19, 20, 25, 1, 4
2016/1/29, 55, 9, 20, 14, , 3
2016/1/30, 32, 18, 24, 22, 3, 4
2016/1/31, 57, 19, 19, 25, 1, 4
2016/2/1, 59, 8, 29, 11, 1, 3
2016/2/2, 30, 8, 28, 15, 2, 3
2016/2/3, 33, 19, 20, 30, 4, 4
2016/2/4, 60, 18, 26, 31, 3, 5
2016/2/5, 64, 19, 31, 17, 1, 3
2016/2/6, 58, 7, 32, 6, 1, 3
2016/2/7, 30, 11, 23, 19, 1, 3
2016/2/8, 38, 20, 33, 23, 1, 5
2016/2/9, 59, 7, 32, 9, 1, 1
2016/2/10, 30, 11, 33, 12, 2, 3
2016/2/11, 45, 25, 16, 36, 4, 5
2016/2/12, 70, 26, 30, 24, 1, 4
2016/2/13, 68, 16, 32, 7, 1, 3
2016/2/14, 37, 4, 23, 10, , 3
2016/2/15, 13, 7, 26, 15, 2, 3
2016/2/16, 28, 8, 28, 20, 1, 4
2016/2/17, 34, 12, 20, 23, 2, 5
2016/2/18, 44, 24, 15, 38, 4, 5
2016/2/19, 67, 28, 11, 33, 2, 5
2016/2/20, 71, 10, 37, 8, 1, 3
2016/2/21, 34, 8, 30, 16, 2, 3
2016/2/22, 33, 25, 22, 25, 1, 4
2016/2/23, 68, 14, 31, 15, 1, 3
2016/2/24, 47, 8, 25, 17, 1, 3
2016/2/25, 37, 12, 26, 24, 3, 1
2016/2/26, 43, 19, 40, 18, 3, 
2016/2/27, 59, 21, 42, 16, 3, 
2016/2/28, 62, 13, 32, 20, 2, 
2016/2/29, 43, 5, 35, 7, 1, 
2016/3/1, 25, 8, 28, 26, 3, 
2016/3/2, 33, 18, 19, 37, 5, 
2016/3/3, 58, 27, 36, 23, 3, 
2016/3/4, 76, 21, 28, 18, 2, 
2016/3/5, 61, 21, 30, 14, 4, 
2016/3/6, 56, 27, 13, 30, 1, 
2016/3/7, 57, 34, 24, 32, 5, 
2016/3/8, 62, 14, 26, 13, 1, 1
2016/3/9, 37, 12, 25, 17, 1, 3
2016/3/10, 44, 15, 27, 15, 1, 2
2016/3/11, 54, 15, 29, 16, 2, 3
2016/3/12, 51, 11, 31, 10, 1, 
2016/3/13, 46, 17, 27, 15, 1, 3
2016/3/14, 44, 10, 40, 11, 1, 3
2016/3/15, 39, 16, 19, 31, 3, 4
2016/3/16, 51, 25, 26, 39, 4, 5
2016/3/17, 67, 21, 38, 26, 2, 4
2016/3/18, 59, 20, 30, 18, 1, 4
2016/3/19, 44, 23, 45, 8, 2, 4
2016/3/20, 71, 12, 33, 11, 2, 3
2016/3/21, 39, 10, 35, 17, 3, 3
2016/3/22, 42, 20, 38, 25, 3, 4
2016/3/23, 62, 13, 30, 14, , 3
2016/3/24, 48, 5, 32, 13, 1, 2
2016/3/25, 29, 8, 27, 16, 3, 3
2016/3/26, 33, 9, 34, 12, 2, 3
2016/3/27, 40, 12, 25, 20, 2, 3
2016/3/28, 44, 16, 37, 22, 4, 4
2016/3/29, 57, 26, 46, 24, 3, 4
2016/3/30, 75, 23, 41, 23, 4, 4
2016/3/31, 68, 23, 39, 19, 2, 3
2015/10/1, 40, 13, 32, 9, 1, 
2015/10/2, 44, 18, 34, 22, 4, 
2015/10/3, 44, 19, 46, 11, 1, 
2015/10/4, 60, 6, 29, 7, 1, 
2015/10/5, 23, 10, 32, 10, 1, 1
2015/10/6, 36, 6, 31, 7, , 
2015/10/7, 28, 9, 36, 8, 2, 2
2015/10/8, 37, 19, 43, 16, 2, 3
2015/10/9, 67, 32, 25, 28, 3, 4
2015/10/10, 78, 19, 31, 10, 1, 3
2015/10/11, 42, 28, 34, 16, 3, 4
2015/10/12, 72, 17, 24, 22, 3, 3
2015/10/13, 58, 10, 27, 20, 2, 3
2015/10/14, 37, 15, 31, 18, 1, 3
2015/10/15, 56, 18, 17, 16, , 3
2015/10/16, 50, 22, 20, 13, , 2
2015/10/17, 47, 17, 33, 10, 1, 3
2015/10/18, 50, 22, 38, 17, 1, 4
2015/10/19, 67, 34, 29, 25, 3, 4
2015/10/20, 79, 25, 28, 17, 1, 4
2015/10/21, 66, 24, 30, 21, 1, 4
2015/10/22, 65, 16, 28, 14, 2, 3
2015/10/23, 49, 29, 39, 24, 2, 4
2015/10/24, 77, 14, 32, 5, , 2
2015/10/25, 40, 11, 32, 19, 5, 4
2015/10/26, 44, 22, 29, 26, 3, 4
2015/10/27, 63, 19, 45, 16, 1, 3
2015/10/28, 56, 16, 22, 17, 3, 3
2015/10/29, 45, 20, 21, 26, 4, 4
2015/10/30, 61, 9, 24, 11, 1, 2
2015/10/31, 32, 13, 28, 14, 2, 3
2015/11/1, 52, 20, 15, 22, 1, 4
2015/11/2, 56, 13, 31, 14, 1, 3
2015/11/3, 41, 9, 19, 22, 1, 3
2015/11/4, 32, 19, 8, 33, 4, 5
2015/11/5, 55, 22, 29, 26, 1, 4
2015/11/6, 67, 27, 29, 19, 1, 4
2015/11/7, 70, 28, 17, 14, 1, 5
2015/11/8, 61, 32, 14, 20, 1, 5
2015/11/9, 59, 15, 11, 16, , 4
2015/11/10, 28, 7, 21, 16, 1, 3
2015/11/11, 25, 8, 24, 13, , 2
2015/11/12, 28, 10, 21, 17, , 2
2015/11/13, 37, 13, 18, 15, , 3
2015/11/14, 35, 10, 19, 16, , 4
2015/11/15, 32, 8, 19, 21, 3, 4
2015/11/16, 30, 20, 22, 24, , 4
2015/11/17, 52, 25, 20, 17, , 3
2015/11/18, 54, 6, 25, 11, , 2
2015/11/19, 16, 11, 18, 22, , 3
2015/11/20, 34, 13, 25, 16, , 4
2015/11/21, 44, 17, 24, 10, , 4
2015/11/22, 55, 25, 14, 13, , 3
2015/11/23, 64, 17, 21, 19, 4, 4
2015/11/24, 57, 6, 20, 12, , 2
2015/11/25, 19, 5, 17, 15, , 4
2015/11/26, 20, 6, 24, 18, , 9
2015/11/27, 31, 11, 12, 35, 5, 11
2015/11/28, 45, 8, 24, 17, 1, 8
2015/11/29, 36, 13, 14, 23, 1, 9
2015/11/30, 45, 12, 24, 20, 1, 8
2015/12/1, 46, 14, 13, 24, , 3
2015/12/2, 50, 28, 4, 29, , 6
2015/12/3, 69, 8, 23, 18, 1, 4
2015/12/4, 38, 11, 15, 32, 1, 5
2015/12/5, 45, 8, 27, 14, , 4
2015/12/6, 32, 9, 21, 18, 2, 3
2015/12/7, 42, 12, 21, 21, , 4
2015/12/8, 45, 20, 10, 35, 2, 5
2015/12/9, 68, 43, 3, 45, 3, 7
2015/12/10, 118, 30, 25, 20, , 4
2015/12/11, 57, 9, 30, 11, , 4
2015/12/12, 32, 20, 21, 14, , 5
2015/12/13, 58, 20, 23, 17, , 4
2015/12/14, 53, 23, 14, 27, 1, 6
2015/12/15, 61, 34, 16, 31, 1, 6
2015/12/16, 79, 4, 22, 10, 1, 2
2015/12/17, 15, 4, 24, 13, 1, 3
2015/12/18, 25, 4, 26, 12, 1, 2
2015/12/19, 26, 10, 23, 20, 3, 4
2015/12/20, 42, 34, 9, 38, 1, 6
2015/12/21, 95, 10, 28, 15, 1, 3
2015/12/22, 39, 26, 16, 24, 1, 4
2015/12/23, 75, 23, 16, 23, 1, 4
2015/12/24, 62, 13, 27, 16, 2, 4
2015/12/25, 39, 7, 23, 19, 4, 4
2015/12/26, 29, 6, 26, 11, 1, 4
2015/12/27, 25, 8, 26, 17, 2, 3
2015/12/28, 35, 9, 26, 17, 1, 4
2015/12/29, 35, 6, 25, 13, 1, 3
2015/12/30, 35, , , , , 
2016/1/1, 14, 8, 22, 17, , 4
2016/1/2, 30, 22, 14, 33, , 7
2016/1/3, 67, 25, 13, 33, 3, 6
2015/7/1, 32, 22, 25, 22, 1, 2
2015/7/2, 50, 16, 18, 29, 1, 1
2015/7/3, 38, 25, 20, 22, 1, 3
2015/7/4, 46, 14, 40, 8, , 3
2015/7/5, 33, 21, 28, 15, , 4
2015/7/6, 45, 24, 23, 24, 1, 4
2015/7/7, 47, 48, 32, 35, 2, 6
2015/7/8, 83, 12, 25, 11, , 2
2015/7/9, 27, 19, 36, 24, 3, 4
2015/7/10, 51, 27, 58, 19, 3, 3
2015/7/11, 64, 36, 73, 14, 2, 4
2015/7/12, 81, 17, 14, 9, 1, 2
2015/7/13, 44, 13, 10, 7, 1, 1
2015/7/14, 35, 10, 10, 11, 2, 2
2015/7/15, 30, 32, 8, 13, 1, 3
2015/7/16, 36, 25, 9, 9, 1, 2
2015/7/17, 40, 18, 9, 8, , 2
2015/7/18, 35, 15, 28, 7, 2, 2
2015/7/19, 41, 34, 66, 18, 7, 4
2015/7/20, 68, 26, 27, 19, 3, 4
2015/7/21, 61, 10, 12, 8, 1, 1
2015/7/22, 32, 13, 13, 9, 1, 2
2015/7/23, 31, 28, 47, 27, 3, 2
2015/7/24, 58, 46, 53, 30, 4, 4
2015/7/25, 87, 55, 111, 25, 6, 6
2015/7/26, 106, 45, 79, 24, 5, 4
2015/7/27, 93, 41, 58, 18, 4, 3
2015/7/28, 77, 39, 39, 20, 5, 3
2015/7/29, 78, 38, 48, 24, 3, 4
2015/7/30, 74, 44, 50, 23, 4, 4
2015/7/31, 88, 64, 86, 19, 4, 4
2015/8/1, 114, 50, 72, 12, 4, 4
2015/8/2, 102, 43, 40, 22, 4, 3
2015/8/3, 94, 42, 45, 15, 2, 3
2015/8/4, 91, 20, 14, 12, 2, 2
2015/8/5, 49, 16, 27, 15, 2, 2
2015/8/6, 40, 35, 92, 23, 5, 4
2015/8/7, 84, 33, 48, 9, 3, 3
2015/8/8, 68, 17, 35, 6, 1, 2
2015/8/9, 45, 24, 15, 10, , 2
2015/8/10, 49, 14, 19, 9, 1, 1
2015/8/11, 36, 24, 43, 13, 3, 3
2015/8/12, 50, 29, 20, 14, 2, 2
2015/8/13, 53, 25, 38, 9, 3, 3
2015/8/14, 51, 18, 61, 12, 5, 4
2015/8/15, 42, 24, 33, 7, 2, 3
2015/8/16, 53, 18, 13, 16, 1, 2
2015/8/17, 30, 13, 23, 11, 1, 2
2015/8/18, 29, 15, 29, 21, 3, 3
2015/8/19, 42, 24, 22, 18, 3, 3
2015/8/20, 47, 34, 40, 18, 2, 4
2015/8/21, 65, 24, 17, 14, 2, 3
2015/8/22, 55, 17, 31, 6, 2, 2
2015/8/23, 40, 8, 29, 7, 1, 2
2015/8/24, 26, 10, 22, 7, 1, 2
2015/8/25, 23, 8, 20, 11, 1, 2
2015/8/26, 16, 7, 22, 12, , 2
2015/8/27, 25, 9, 17, 10, , 2
2015/8/28, 23, 10, 13, 10, , 2
2015/8/29, 27, 11, 18, 8, , 2
2015/8/30, 26, 13, 17, 12, , 2
2015/8/31, 29, 31, 7, 29, 3, 5
2015/9/1, 54, 19, 24, 11, 1, 3
2015/9/2, 39, 19, 38, 17, 3, 2
2015/9/3, 40, 22, 35, 15, 1, 4
2015/9/4, 43, 23, 44, 14, 1, 4
2015/9/5, 57, 33, 34, 12, 1, 4
2015/9/6, 60, 19, 23, 16, , 3
2015/9/7, 29, 8, 20, 14, , 3
2015/9/8, 12, 13, 16, 17, 1, 2
2015/9/9, 28, 7, 9, 23, , 
2015/9/10, 20, 11, 29, 16, 2, 
2015/9/11, 33, 16, 39, 20, 3, 
2015/9/12, 45, 18, 38, 7, 1, 
2015/9/13, 46, 10, 36, 9, 1, 
2015/9/14, 38, 10, 36, 10, 2, 
2015/9/15, 35, 12, 30, 11, 2, 
2015/9/16, 38, 7, 23, 12, , 
2015/9/17, 17, 14, 15, 25, 1, 
2015/9/18, 36, 19, 41, 16, 3, 
2015/9/19, 52, 7, 34, 5, 1, 
2015/9/20, 36, 11, 36, 8, 2, 
2015/9/21, 34, 14, 42, 10, 2, 
2015/9/22, 43, 14, 42, 10, 2, 
2015/9/23, 49, 21, 25, 14, 1, 
2015/9/24, 56, 12, 20, 14, , 
2015/9/25, 33, 9, 21, 16, , 
2015/9/26, 28, 11, 20, 8, 1, 
2015/9/27, 32, 19, 32, 22, 6, 
2015/9/28, 59, 11, 35, 8, 1, 
2015/9/29, 36, 5, 34, 10, 2, 
2015/9/30, 34, 14, 26, 20, 1, 
2015/4/1, 91, 11, 36, 16, 2, 3
2015/4/2, 28, 18, 35, 12, 1, 3
2015/4/3, 39, 15, 34, 13, 1, 3
2015/4/4, 30, 19, 33, 12, , 3
2015/4/5, 39, 41, 28, 32, 6, 6
2015/4/6, 66, 12, 32, 12, 2, 3
2015/4/7, 25, 11, 27, 12, 1, 2
2015/4/8, 31, 10, 32, 13, 1, 2
2015/4/9, 39, 17, 21, 19, 1, 3
2015/4/10, 46, 9, 28, 12, 1, 2
2015/4/11, 23, 10, 40, 9, 2, 3
2015/4/12, 32, 13, 26, 16, 3, 2
2015/4/13, 37, 8, 25, 21, , 3
2015/4/14, 21, 11, 41, 16, 1, 3
2015/4/15, 35, 26, 36, 40, 7, 5
2015/4/16, 54, 34, 55, 21, 2, 4
2015/4/17, 85, 23, 41, 15, 2, 3
2015/4/18, 59, 36, 32, 29, 4, 5
2015/4/19, 79, 34, 24, 21, 2, 3
2015/4/20, 61, 8, 29, 12, 1, 3
2015/4/21, 25, 20, 35, 20, 2, 3
2015/4/22, 53, 28, 43, 23, 3, 4
2015/4/23, 72, 29, 41, 26, 3, 4
2015/4/24, 68, 31, 49, 18, 2, 3
2015/4/25, 73, 24, 47, 13, 3, 3
2015/4/26, 67, 39, 41, 30, 4, 4
2015/4/27, 89, 43, 35, 34, 4, 4
2015/4/28, 99, 19, 40, 13, 2, 3
2015/4/29, 56, 13, 36, 16, 1, 3
2015/4/30, 37, 15, 44, 21, 2, 3
2015/5/1, 42, 17, 45, 21, 3, 3
2015/5/2, 46, 14, 40, 12, 2, 3
2015/5/3, 41, 11, 31, 6, 1, 2
2015/5/4, 34, 14, 43, 6, 1, 2
2015/5/5, 39, 18, 42, 15, 3, 3
2015/5/6, 50, 21, 38, 20, 3, 2
2015/5/7, 59, 29, 53, 26, 3, 3
2015/5/8, 70, 27, 32, 30, 4, 
2015/5/9, 65, 17, 46, 5, 1, 
2015/5/10, 57, 10, 36, 16, 2, 1
2015/5/11, 34, 21, 36, 17, 1, 2
2015/5/12, 45, 18, 45, 17, 3, 3
2015/5/13, 44, 31, 47, 26, 2, 3
2015/5/14, 77, 32, 54, 27, 4, 4
2015/5/15, 80, 36, 34, 16, , 3
2015/5/16, 35, 25, 51, 10, , 3
2015/5/18, 59, 25, 27, 19, 1, 3
2015/5/19, 52, 23, 48, 19, 3, 3
2015/5/20, 48, 14, 49, 8, 2, 2
2015/5/21, 41, 18, 42, 25, 2, 3
2015/5/22, 51, 23, 50, 28, 5, 3
2015/5/23, 63, 18, 52, 12, 4, 3
2015/5/24, 49, 16, 41, 17, 2, 3
2015/5/25, 43, 24, 59, 19, 2, 2
2015/5/26, 61, 30, 81, 23, 3, 4
2015/5/27, 77, 29, 46, 18, 3, 3
2015/5/28, 65, 19, 35, 11, 2, 2
2015/5/29, 45, 21, 59, 16, 3, 3
2015/5/30, 51, 27, 56, 11, 2, 2
2015/5/31, 61, 15, 46, 19, 2, 2
2015/6/1, 43, 18, 32, 22, 2, 3
2015/6/2, 44, 19, 28, 16, 1, 2
2015/6/3, 49, 8, 38, 6, 1, 1
2015/6/4, 37, 11, 22, 21, 2, 1
2015/6/5, 39, 10, 38, 15, 1, 1
2015/6/6, 36, 14, 41, 13, 2, 3
2015/6/7, 42, 14, 27, 20, 3, 3
2015/6/8, 34, 7, 25, 13, 1, 2
2015/6/9, 22, 14, 34, 23, 3, 4
2015/6/10, 38, 18, 25, 26, 2, 4
2015/6/11, 57, 25, 31, 24, 4, 3
2015/6/12, 56, 41, 43, 23, 4, 5
2015/6/13, 77, 39, 47, 13, 2, 4
2015/6/14, 75, 34, 51, 22, 4, 4
2015/6/15, 79, 41, 28, 34, 5, 4
2015/6/16, 86, 25, 36, 15, 1, 3
2015/6/17, 55, 23, 24, 15, 2, 3
2015/6/18, 48, 13, 28, 9, , 1
2015/6/19, 18, 11, 41, 15, 3, 3
2015/6/20, 35, 12, 30, 9, 2, 2
2015/6/21, 25, 17, 27, 23, 3, 4
2015/6/22, 46, 17, 28, 20, 2, 3
2015/6/23, 41, 21, 64, 20, 3, 3
2015/6/24, 51, 23, 30, 19, 2, 3
2015/6/25, 59, 16, 20, 23, 2, 3
2015/6/26, 39, 11, 19, 16, 1, 4
2015/6/27, 23, 16, 39, 11, 2, 3
2015/6/28, 37, 14, 24, 15, 3, 3
2015/6/29, 36, 16, 21, 20, 3, 3
2015/6/30, 37, 15, 15, 20, 1, 3
2015/1/1, 31, 5, 22, 18, 2, 3
2015/1/2, 31, 4, 25, 9, 1, 2
2015/1/3, 26, 11, 15, 23, 1, 4
2015/1/4, 33, 20, 23, 30, 4, 6
2015/1/5, 55, 15, 26, 20, 2, 3
2015/1/6, 41, 3, 26, 8, , 2
2015/1/7, 20, 6, 25, 10, 1, 2
2015/1/8, 35, 6, 26, 10, 1, 3
2015/1/9, 23, 4, 25, 13, , 2
2015/1/10, 23, 9, 23, 16, 2, 3
2015/1/11, 36, 3, 26, 8, 1, 2
2015/1/12, 22, 4, 25, 13, , 2
2015/1/13, 22, 21, 14, 36, 3, 5
2015/1/14, 46, 35, 12, 34, 2, 5
2015/1/15, 63, 11, 25, 23, 4, 4
2015/1/16, 36, 13, 27, 15, 1, 4
2015/1/17, 35, 4, 28, 8, , 2
2015/1/18, 24, 9, 22, 21, 1, 3
2015/1/19, 31, 13, 28, 13, 2, 3
2015/1/20, 50, 20, 13, 27, 1, 4
2015/1/21, 48, 19, 7, 28, , 4
2015/1/22, 28, 6, 26, 15, , 3
2015/1/23, 15, 10, 25, 23, 1, 4
2015/1/24, 30, 17, 22, 25, 2, 5
2015/1/25, 44, 27, 14, 36, 5, 2
2015/1/26, 46, 24, 27, 22, 1, 2
2015/1/27, 28, 4, 26, 9, 1, 2
2015/1/28, 16, 7, 21, 20, 2, 3
2015/1/29, 24, 19, 8, 26, 1, 3
2015/1/30, 28, 10, 27, 15, , 4
2015/1/31, 24, 5, 30, 6, 1, 2
2015/2/1, 19, 4, 28, 9, 1, 2
2015/2/2, 19, 5, 23, 15, , 2
2015/2/3, 24, 9, 21, 23, 2, 3
2015/2/4, 29, 12, 18, 24, 1, 3
2015/2/5, 27, 17, 24, 20, 1, 4
2015/2/6, 31, 8, 19, 23, 3, 3
2015/2/7, 28, 23, 16, 19, 1, 5
2015/2/8, 41, 11, 23, 21, 3, 4
2015/2/9, 27, 10, 13, 32, 2, 4
2015/2/10, 33, 19, 18, 31, 4, 2
2015/2/11, 36, 33, 9, 44, 4, 4
2015/2/12, 64, 19, 27, 19, 1, 4
2015/2/13, 38, 6, 30, 16, 1, 3
2015/2/14, 27, 11, 36, 14, 1, 4
2015/2/15, 34, 12, 30, 29, 4, 6
2015/2/16, 33, 16, 22, 21, 1, 3
2015/2/17, 40, 8, 21, 16, , 3
2015/2/18, 16, 8, 24, 19, 1, 3
2015/2/19, 24, 9, 24, 17, 1, 3
2015/2/20, 27, 12, 24, 19, 3, 3
2015/2/21, 36, 26, 18, 21, 2, 4
2015/2/22, 53, 40, 18, 29, 2, 6
2015/2/23, 56, 33, 19, 24, 2, 5
2015/2/24, 67, 36, 25, 19, 2, 4
2015/2/25, 68, 28, 21, 21, 1, 3
2015/2/26, 50, 11, 30, 18, 1, 4
2015/2/27, 31, 10, 30, 16, 3, 3
2015/2/28, 41, 14, 24, 16, 1, 3
2015/3/1, 28, 9, 32, 9, 1, 3
2015/3/2, 34, 14, 24, 21, 1, 3
2015/3/3, 46, 14, 17, 30, 3, 5
2015/3/4, 37, 9, 33, 11, 1, 2
2015/3/5, 36, 7, 31, 15, 1, 4
2015/3/6, 30, 14, 30, 12, , 3
2015/3/7, 40, 13, 26, 9, , 3
2015/3/8, 32, 7, 22, 16, , 3
2015/3/9, 12, 3, 30, 10, 1, 3
2015/3/10, 18, 6, 26, 18, , 3
2015/3/11, 28, 11, 30, 18, 1, 3
2015/3/12, 42, 16, 28, 24, 2, 4
2015/3/13, 49, 19, 33, 20, 2, 4
2015/3/14, 56, 22, 33, 17, 2, 4
2015/3/15, 61, 45, 19, 38, 3, 6
2015/3/16, 79, 41, 23, 34, 3, 5
2015/3/17, 57, 37, 39, 26, 4, 5
2015/3/18, 63, 49, 25, 23, 1, 4
2015/3/19, 69, 22, 29, 23, 1, 5
2015/3/20, 47, 20, 30, 18, 5, 4
2015/3/21, 49, 27, 41, 18, 3, 4
2015/3/22, 62, 23, 38, 14, 4, 3
2015/3/23, 58, 6, 35, 9, 1, 2
2015/3/24, 14, 5, 36, 7, 1, 2
2015/3/31, 66, 43, 42, 28, 1, 4
2014/10/1, 52, 24, 16, 25, 5, 4
2014/10/2, 55, 19, 19, 16, 2, 3
2014/10/3, 42, 18, 30, 15, 1, 3
2014/10/4, 52, 11, 25, 6, 1, 1
2014/10/5, 29, 4, 24, 10, , 2
2014/10/6, 28, 7, 28, 11, 2, 2
2014/10/7, 25, 11, 25, 17, 2, 3
2014/10/8, 34, 14, 19, 21, 2, 3
2014/10/9, 44, 14, 25, 22, 1, 3
2014/10/10, 39, 23, 32, 18, 2, 3
2014/10/11, 62, 19, 32, 8, 1, 3
2014/10/12, 55, 27, 19, 17, 2, 4
2014/10/13, 55, 12, 33, 6, 1, 2
2014/10/14, 18, 8, 24, 11, 1, 1
2014/10/15, 28, 12, 19, 20, 2, 3
2014/10/16, 32, 15, 36, 14, 1, 2
2014/10/17, 38, 13, 29, 18, 2, 3
2014/10/18, 50, 20, 39, 18, 3, 4
2014/10/19, 57, 23, 26, 25, 1, 4
2014/10/20, 5, 22, 13, 23, 1, 3
2014/10/21, 19, 21, 22, 17, 1, 4
2014/10/22, 34, 12, 15, 14, , 2
2014/10/23, 34, 17, 17, 25, 2, 3
2014/10/24, 47, 29, 15, 34, 6, 5
2014/10/25, 62, 21, 22, 19, 3, 
2014/10/26, 45, 22, 24, 17, 2, 4
2014/10/27, 47, 10, 33, 7, 1, 2
2014/10/28, 34, 15, 30, 20, 3, 3
2014/10/29, 50, 22, 18, 32, 4, 5
2014/10/30, 61, 37, 14, 41, 4, 5
2014/10/31, 84, 39, 11, 25, 1, 4
2014/11/1, 67, 17, 22, 13, 1, 3
2014/11/2, 26, 10, 31, 10, , 3
2014/11/3, 25, 8, 27, 10, 1, 2
2014/11/4, 31, 14, 16, 22, 1, 3
2014/11/5, 44, 16, 15, 20, 1, 3
2014/11/6, 44, 11, 33, 9, 1, 2
2014/11/7, 43, 27, 17, 23, 1, 3
2014/11/8, 74, 29, 14, 16, 1, 3
2014/11/9, 60, 15, 29, 14, 1, 3
2014/11/10, 40, 23, 13, 28, , 3
2014/11/11, 61, 33, 6, 28, 1, 5
2014/11/12, 63, 18, 23, 21, 1, 5
2014/11/13, 45, 8, 16, 25, 2, 3
2014/11/14, 35, 5, 25, 14, 1, 3
2014/11/15, 22, 8, 26, 13, 2, 3
2014/11/16, 30, 18, 13, 28, 1, 1
2014/11/17, 38, 12, 31, 14, , 1
2014/11/18, 23, 7, 29, 11, 1, 2
2014/11/19, 33, 22, 10, 27, 1, 4
2014/11/20, 50, 20, 14, 24, 1, 3
2014/11/21, 45, 26, 11, 36, 1, 5
2014/11/22, 53, 20, 33, 16, 1, 4
2014/11/23, 50, 26, 21, 17, 1, 5
2014/11/24, 63, 28, 12, 23, 1, 5
2014/11/25, 50, 6, 20, 10, , 2
2014/11/26, 10, 7, 18, 21, , 5
2014/11/27, 17, 25, 2, 33, 1, 8
2014/11/28, 39, 38, 2, 28, 1, 7
2014/11/29, 49, 14, 19, 15, 1, 4
2014/11/30, 25, 13, 6, 23, 1, 5
2014/12/1, 23, 7, 21, 19, 1, 4
2014/12/2, 21, 6, 20, 19, 1, 2
2014/12/3, 24, 26, 9, 35, 1, 6
2014/12/4, 58, 9, 17, 19, 1, 1
2014/12/5, 17, 5, 16, 17, 1, 3
2014/12/6, 18, 4, 22, 11, 1, 
2014/12/7, 19, 16, 7, 33, 2, 3
2014/12/8, 51, 14, 23, 21, 1, 4
2014/12/9, 33, 13, 22, 24, 1, 3
2014/12/10, 37, 26, 10, 28, , 4
2014/12/11, 43, 5, 19, 17, , 4
2014/12/12, 22, 12, 21, 20, 2, 4
2014/12/13, 31, 6, 21, 11, 1, 3
2014/12/14, 21, 7, 19, 18, 1, 4
2014/12/15, 26, 15, 14, 24, 1, 3
2014/12/16, 27, 6, 18, 21, , 4
2014/12/17, 22, 3, 21, 16, 1, 2
2014/12/18, 21, 9, 14, 29, 4, 4
2014/12/19, 29, 28, 3, 33, 2, 5
2014/12/20, 48, 8, 19, 16, 1, 4
2014/12/21, 25, 7, 15, 23, 1, 4
2014/12/22, 25, 5, 25, 15, , 3
2014/12/23, 25, 24, 14, 39, 2, 6
2014/12/24, 50, 12, 20, 23, , 5
2014/12/25, 28, 4, 20, 15, 1, 2
2014/12/26, 19, 6, 24, 11, 1, 2
2014/12/27, 26, 23, 16, 23, 1, 5
2014/12/28, 52, , , , , 
2014/7/1, 40, 23, 43, 19, 4, 3
2014/7/2, 49, 42, 28, 16, 3, 3
2014/7/3, 79, 12, 28, 11, 1, 2
2014/7/4, 21, 12, 27, 9, , 2
2014/7/5, 24, 20, 40, 10, 3, 3
2014/7/6, 42, 20, 18, 20, 2, 3
2014/7/7, 38, 22, 58, 20, 3, 4
2014/7/8, 45, 26, 20, 26, 2, 2
2014/7/9, 53, 18, 6, 10, , 1
2014/7/10, 19, 16, 32, 12, 1, 2
2014/7/11, 35, 18, 58, 14, 2, 3
2014/7/12, 40, 33, 38, 16, 3, 3
2014/7/13, 67, 39, 43, 25, 6, 4
2014/7/14, 70, 24, 63, 15, 3, 4
2014/7/15, 59, 44, 49, 26, 6, 4
2014/7/16, 90, 26, 38, 21, 4, 3
2014/7/17, 58, 22, 26, 17, 3, 3
2014/7/18, 43, 21, 24, 15, 2, 3
2014/7/19, 42, 13, 38, 9, 1, 2
2014/7/20, 26, 23, 34, 14, 3, 2
2014/7/21, 50, 37, 37, 21, 3, 3
2014/7/22, 76, 54, 50, 35, 6, 4
2014/7/23, 109, 63, 77, 30, 3, 4
2014/7/24, 108, 47, 62, 18, 3, 3
2014/7/25, 81, 52, 50, 17, 4, 4
2014/7/26, 92, 30, 31, 7, 1, 2
2014/7/27, 56, 11, 43, 13, 2, 3
2014/7/28, 28, 24, 39, 17, 4, 5
2014/7/29, 63, 28, 37, 15, 2, 3
2014/7/30, 68, 31, 37, 19, 3, 3
2014/7/31, 60, 23, 33, 20, 3, 3
2014/8/1, 47, 26, 78, 22, 4, 3
2014/8/2, 58, 18, 35, 15, 3, 3
2014/8/3, 37, 8, 13, 9, , 1
2014/8/4, 15, 13, 15, 8, , 1
2014/8/5, 23, 17, 21, 9, , 1
2014/8/6, 36, 16, 21, 11, 1, 1
2014/8/7, 34, 18, 26, 16, 3, 3
2014/8/8, 45, 19, 25, 10, 1, 2
2014/8/9, 38, 18, 20, 5, 1, 2
2014/8/10, 19, 26, 27, 7, 1, 1
2014/8/11, 37, 20, 24, 12, 1, 2
2014/8/12, 45, 22, 51, 13, 3, 4
2014/8/13, 45, 51, 33, 19, 2, 4
2014/8/14, 73, 18, 14, 6, , 2
2014/8/15, 21, 19, 18, 8, 1, 2
2014/8/16, 36, 33, 29, 9, 1, 3
2014/8/17, 54, 28, 24, 14, 2, 3
2014/8/18, 49, 14, 22, 11, , 2
2014/8/19, 30, 27, 42, 26, 5, 4
2014/8/20, 60, 26, 44, 23, 3, 3
2014/8/21, 61, 32, 39, 28, 7, 3
2014/8/22, 53, 10, 37, 11, 1, 1
2014/8/23, 17, 13, 68, 13, 2, 2
2014/8/24, 30, 23, 126, 18, 2, 3
2014/8/25, 53, 33, 27, 21, 3, 4
2014/8/26, 64, 11, 19, 11, , 2
2014/8/27, 22, 9, 12, 13, , 2
2014/8/28, 19, 11, 18, 13, 1, 2
2014/8/29, 22, 8, 30, 8, , 2
2014/8/30, 19, 11, 29, 7, 1, 3
2014/8/31, 27, 11, 19, 12, , 2
2014/9/1, 24, 10, 38, 15, 1, 3
2014/9/2, 27, 14, 29, 14, 2, 3
2014/9/3, 31, 15, 23, 20, 2, 4
2014/9/4, 36, 15, 19, 14, 2, 2
2014/9/5, 31, 34, 39, 17, 2, 3
2014/9/6, 63, 18, 28, 7, 1, 3
2014/9/7, 26, 21, 21, 17, 1, 4
2014/9/8, 46, 17, 35, 11, , 2
2014/9/9, 41, 20, 25, 21, 4, 4
2014/9/10, 51, 22, 12, 25, 1, 4
2014/9/11, 40, 15, 35, 18, 3, 3
2014/9/12, 40, 15, 33, 15, 2, 3
2014/9/13, 38, 12, 37, 9, 3, 2
2014/9/14, 35, 13, 35, 14, 3, 3
2014/9/15, 37, 24, 38, 20, 3, 3
2014/9/16, 59, 16, 31, 13, 2, 2
2014/9/17, 37, 11, 29, 9, 1, 2
2014/9/18, 26, 12, 28, 21, 2, 2
2014/9/19, 33, 13, 23, 13, 1, 1
2014/9/20, 37, 15, 39, 12, 3, 3
2014/9/21, 44, 19, 43, 22, 3, 3
2014/9/22, 56, 15, 42, 14, 4, 2
2014/9/23, 47, 22, 22, 24, 3, 4
2014/9/24, 54, 17, 29, 13, 1, 2
2014/9/25, 31, 8, 37, 10, , 2
2014/9/26, 26, 14, 32, 6, 1, 2
2014/9/27, 28, 19, 33, 7, 1, 
2014/9/28, 42, 20, 47, 13, 3, 2
2014/9/29, 59, 26, 49, 25, 4, 4
2014/9/30, 68, 23, 20, 17, 1, 3
2014/4/1, 53, 15, 30, 28, 2, 2
2014/4/2, 47, 14, 16, 24, 1, 3
2014/4/3, 29, 9, 39, 15, 1, 3
2014/4/4, 22, 5, 33, 11, 3, 2
2014/4/5, 22, 10, 37, 7, 1, 2
2014/4/6, 31, 11, 35, 16, 2, 4
2014/4/7, 37, 32, 37, 42, 5, 5
2014/4/8, 69, 31, 43, 24, 3, 4
2014/4/9, 70, 29, 55, 23, 2, 4
2014/4/10, 63, 17, 46, 10, 1, 3
2014/4/11, 54, 19, 45, 9, 2, 2
2014/4/12, 53, 20, 47, 15, 3, 3
2014/4/13, 61, 15, 38, 18, 2, 3
2014/4/14, 47, 19, 51, 22, 2, 3
2014/4/15, 53, 38, 53, 26, 5, 5
2014/4/16, 90, 41, 51, 26, 4, 4
2014/4/17, 98, 31, 30, 17, 3, 3
2014/4/18, 63, 21, 40, 11, 1, 2
2014/4/19, 52, 13, 36, 10, 2, 2
2014/4/20, 38, 25, 28, 20, 1, 4
2014/4/21, 41, 21, 28, 20, 2, 3
2014/4/22, 45, 22, 49, 18, 3, 4
2014/4/23, 53, 23, 49, 20, 3, 4
2014/4/24, 66, 28, 46, 25, 3, 4
2014/4/25, 63, 25, 48, 22, 3, 4
2014/4/26, 62, 18, 49, 12, 3, 3
2014/4/27, 48, 14, 44, 15, 1, 3
2014/4/28, 48, 24, 41, 17, 3, 4
2014/4/29, 60, 24, 30, 21, 2, 4
2014/4/30, 51, 20, 36, 13, 1, 3
2014/5/1, 39, 18, 42, 18, 2, 3
2014/5/2, 45, 30, 57, 18, 3, 4
2014/5/3, 68, 19, 50, 6, 2, 3
2014/5/4, 54, 26, 46, 11, 2, 3
2014/5/5, 63, 18, 45, 6, , 2
2014/5/6, 47, 20, 40, 19, 3, 3
2014/5/7, 53, 18, 41, 15, 2, 2
2014/5/8, 51, 15, 45, 15, 1, 3
2014/5/9, 40, 14, 55, 10, 1, 3
2014/5/10, 47, 13, 53, 9, 3, 3
2014/5/11, 49, 15, 45, 13, 3, 2
2014/5/12, 47, 19, 40, 18, 2, 4
2014/5/13, 43, 37, 42, 32, 5, 6
2014/5/14, 63, 23, 49, 17, 3, 4
2014/5/15, 66, 13, 45, 16, 2, 3
2014/5/16, 47, 7, 52, 8, 2, 2
2014/5/17, 27, 9, 50, 11, 2, 3
2014/5/18, 31, 18, 54, 18, 3, 4
2014/5/19, 58, 36, 49, 31, 5, 5
2014/5/20, 72, 22, 33, 12, 2, 2
2014/5/21, 34, 13, 32, 25, 2, 3
2014/5/22, 42, 14, 35, 19, 3, 4
2014/5/23, 36, 18, 44, 16, 2, 3
2014/5/24, 42, 26, 44, 14, 3, 4
2014/5/25, 64, 26, 32, 15, 3, 3
2014/5/26, 51, 11, 32, 17, 2, 3
2014/5/27, 25, 32, 43, 26, 4, 5
2014/5/28, 61, 40, 44, 23, 4, 4
2014/5/29, 74, 41, 42, 33, 6, 6
2014/5/30, 80, 50, 84, 22, 4, 4
2014/5/31, 91, 48, 108, 14, 3, 4
2014/6/1, 93, 53, 93, 21, 4, 4
2014/6/2, 102, 53, 56, 15, 2, 4
2014/6/3, 100, 49, 38, 20, 7, 5
2014/6/4, 91, 16, 24, 15, 3, 2
2014/6/5, 23, 7, 24, 15, , 2
2014/6/6, 6, 9, 33, 8, , 2
2014/6/7, 13, 8, 26, 10, 1, 3
2014/6/8, 20, 30, 14, 21, 2, 5
2014/6/9, 54, 24, 20, 17, 2, 4
2014/6/10, 43, 28, 5, 17, 2, 4
2014/6/11, 46, 6, 17, 12, 1, 2
2014/6/12, 16, 18, 31, 23, 2, 2
2014/6/13, 38, 15, 47, 16, 3, 4
2014/6/14, 37, 16, 52, 10, 3, 3
2014/6/15, 39, 36, 53, 21, 4, 4
2014/6/16, 78, 50, 54, 28, 6, 5
2014/6/17, 98, 39, 31, 24, 5, 4
2014/6/18, 74, 22, 41, 14, 2, 2
2014/6/19, 51, 20, 41, 14, 2, 3
2014/6/20, 52, 23, 31, 18, 2, 3
2014/6/21, 51, 14, 24, 11, 3, 3
2014/6/22, 25, 18, 40, 19, 3, 4
2014/6/23, 45, 23, 30, 20, 2, 3
2014/6/24, 50, 27, 25, 25, 2, 4
2014/6/25, 45, 19, 29, 19, 3, 4
2014/6/26, 41, 12, 21, 18, 3, 3
2014/6/27, 21, 9, 20, 13, , 2
2014/6/28, 13, 8, 29, 8, 1, 2
2014/6/29, 16, 14, 24, 14, 2, 3
2014/6/30, 30, 20, 45, 15, 3, 2
2014/1/1, 54, 7, 26, 12, 1, 3
2014/1/2, 26, 14, 23, 14, 1, 4
2014/1/3, 35, 15, 24, 18, 1, 4
2014/1/4, 36, 6, 25, 8, 1, 3
2014/1/5, 24, 7, 23, 13, 1, 2
2014/1/6, 20, 13, 15, 28, 3, 4
2014/1/7, 32, 37, 4, 45, 3, 7
2014/1/8, 61, 10, 23, 17, 1, 3
2014/1/9, 22, 4, 25, 11, , 3
2014/1/10, 20, 14, 11, 35, 2, 6
2014/1/11, 36, 16, 16, 26, 3, 5
2014/1/12, 37, 7, 27, 9, 1, 3
2014/1/13, 20, 6, 27, 14, 1, 2
2014/1/14, 22, 12, 11, 29, 1, 3
2014/1/15, 33, 16, 14, 34, 3, 5
2014/1/16, 43, 9, 21, 23, 1, 3
2014/1/17, 21, 17, 18, 27, 6, 4
2014/1/18, 38, 10, 27, 9, 4, 3
2014/1/19, 30, 15, 19, 35, 6, 4
2014/1/20, 38, 22, 24, 32, 2, 5
2014/1/21, 48, 19, 26, 17, 2, 4
2014/1/22, 44, 8, 21, 22, 2, 4
2014/1/23, 32, 20, 29, 35, 2, 5
2014/1/24, 68, 49, 9, 55, 5, 9
2014/1/25, 94, 22, 30, 18, 1, 5
2014/1/26, 52, 8, 50, 18, 4, 3
2014/1/27, 26, 16, 105, 30, 3, 4
2014/1/28, 38, 9, 26, 21, 1, 4
2014/1/29, 33, 19, 19, 31, , 5
2014/1/30, 45, 13, 26, 19, , 5
2014/1/31, 38, 14, 18, 25, , 4
2014/2/1, 47, 32, 7, 32, , 6
2014/2/2, 63, 44, 12, 43, , 9
2014/2/3, 95, 17, 18, 19, , 4
2014/2/4, 38, 5, 26, 8, , 2
2014/2/5, 18, 2, 24, 11, , 2
2014/2/6, 21, 5, 23, 18, , 3
2014/2/7, 32, 6, 23, 12, , 2
2014/2/8, 23, 2, 31, 6, , 
2014/2/9, 16, 10, 29, 15, 1, 3
2014/2/10, 34, 7, 25, 11, 1, 2
2014/2/11, 24, 6, 26, 13, 1, 3
2014/2/12, 21, 9, 18, 28, 3, 3
2014/2/13, 32, 10, 21, 19, 1, 2
2014/2/14, 24, 3, 28, 8, , 
2014/2/15, 12, 10, 34, 6, 2, 3
2014/2/16, 34, 23, 37, 17, 3, 4
2014/2/17, 64, 10, 34, 8, 1, 2
2014/2/18, 34, 9, 32, 11, , 2
2014/2/19, 32, 19, 25, 25, 3, 3
2014/2/20, 53, 16, 38, 14, 1, 3
2014/2/21, 46, 8, 32, 11, , 2
2014/2/22, 29, 12, 29, 12, 3, 3
2014/2/23, 38, 15, 24, 21, 3, 3
2014/2/24, 42, 34, 28, 36, 4, 5
2014/2/25, 67, 46, 30, 32, 8, 6
2014/2/26, 104, 61, 12, 45, 3, 8
2014/2/27, 107, 31, 35, 24, 3, 5
2014/2/28, 59, 33, 29, 18, 2, 5
2014/3/1, 74, 16, 25, 9, 1, 3
2014/3/2, 40, 9, 29, 12, , 2
2014/3/3, 25, 15, 27, 21, 3, 3
2014/3/4, 46, 27, 13, 29, 1, 4
2014/3/5, 48, 8, 33, 8, 1, 2
2014/3/6, 32, 10, 30, 15, 1, 3
2014/3/7, 35, 11, 28, 18, 2, 3
2014/3/8, 38, 13, 31, 15, 3, 3
2014/3/9, 36, 10, 31, 11, 1, 3
2014/3/10, 29, 8, 27, 17, 2, 2
2014/3/11, 33, 32, 37, 39, 6, 6
2014/3/12, 73, 41, 23, 28, 2, 3
2014/3/13, 94, 7, 30, 14, , 2
2014/3/14, 26, 13, 33, 15, 3, 3
2014/3/15, 37, 22, 46, 15, 2, 4
2014/3/16, 54, 39, 41, 25, 5, 6
2014/3/17, 87, 30, 36, 23, 1, 4
2014/3/18, 68, 19, 39, 15, 1, 3
2014/3/19, 51, 11, 21, 20, 1, 3
2014/3/20, 31, 3, 34, 7, , 2
2014/3/21, 16, 6, 31, 13, 2, 3
2014/3/22, 27, 11, 41, 8, 1, 2
2014/3/23, 39, 19, 40, 24, 4, 4
2014/3/24, 56, 29, 43, 32, 3, 5
2014/3/25, 72, 24, 30, 28, 5, 4
2014/3/26, 64, 36, 28, 22, 1, 4
2014/3/27, 69, 28, 31, 38, 3, 6
2014/3/28, 67, 23, 41, 24, 2, 2
2014/3/29, 65, 18, 36, 15, 1, 3
2014/3/30, 35, 7, 46, 6, 1, 2
2014/3/31, 31, 15, 38, 16, 3, 3
2020/9/12, , 10, 17, 3, 3, 2
2019/12/31, , 6, 29, 10, 1, 4
2018/12/31, , 7, 25, 12, 1, 3
2018/1/21, , 8, 14, 17, , 
2017/9/10, , 21, 28, 17, 2, 2
2017/1/1, , 15, 21, 21, 1, 5
2015/12/31, , 3, 29, 5, , 2
2015/5/17, , 23, 35, 17, 2, 3
2014/12/31, , 6, 27, 5, 1, 2
2015/3/25, , 12, 36, 14, 2, 3
2015/3/26, , 17, 29, 31, 3, 4
2015/3/27, , 25, 37, 34, 5, 4
2015/3/28, , 20, 36, 17, 2, 1
2015/3/29, , 26, 43, 23, 5, 4
2015/3/30, , 29, 42, 21, 2, 3
2013/12/31, , 22, 32, 17, 1, 5