date, pm25, pm10, o3, no2, so2
2020/11/1, 103, 69, 23, 17, 5
2020/11/2, 91, 63, 22, 16, 6
2020/11/3, 75, 57, 22, 15, 5
2020/11/4, 76, 57, 23, 16, 6
2020/11/5, 80, 59, 26, 14, 5
2020/11/6, 90, 65, 21, 16, 7
2020/11/7, 89, 79, 14, 11, 5
2020/11/8, 79, 74, 20, 14, 6
2020/11/9, 73, 65, 16, 11, 6
2020/11/10, 63, 56, 17, 15, 5
2020/11/11, 66, 59, 24, 15, 5
2020/11/12, 86, 71, 17, 14, 6
2020/11/13, 75, 69, 18, 12, 6
2020/11/14, 66, 52, 21, 8, 6
2020/11/15, 38, 52, 20, 13, 7
2020/11/16, 55, 63, 19, 16, 6
2020/11/17, 48, 65, 19, 16, 5
2020/11/18, 77, 59, 20, 6, 5
2020/11/19, 50, 57, 23, 11, 6
2020/11/20, 81, 72, 16, 11, 7
2020/11/21, 63, 72, 14, 17, 6
2020/11/22, 55, 63, 21, 9, 5
2020/11/23, 63, 61, 21, 4, 5
2020/11/24, 63, 59, 20, 16, 6
2020/11/25, 93, 68, , 11, 6
2020/11/26, 99, 82, , 9, 6
2020/11/27, 59, , , , 
2020/10/1, 96, 107, 21, 16, 7
2020/10/2, 82, 90, 20, 14, 6
2020/10/3, 87, 78, 18, 10, 6
2020/10/4, 91, 66, 22, 9, 6
2020/10/5, 89, 65, 21, 13, 6
2020/10/6, 90, 69, 21, 14, 6
2020/10/7, 84, 74, 17, 8, 6
2020/10/8, 111, 65, 20, 6, 6
2020/10/9, 84, 65, 23, 7, 5
2020/10/10, 45, 63, 25, 7, 6
2020/10/11, 43, 59, 26, 8, 6
2020/10/12, 62, 81, 28, 9, 6
2020/10/13, 63, 128, 22, 15, 6
2020/10/14, 42, 65, 21, 15, 7
2020/10/15, 29, 59, 22, 14, 8
2020/10/16, 17, 47, 20, 13, 4
2020/10/17, 16, 49, 21, 17, 6
2020/10/18, 23, 54, 23, 18, 5
2020/10/19, 29, 53, 22, 15, 5
2020/10/20, 27, 52, 18, 17, 5
2020/10/21, 32, 54, 25, 15, 5
2020/10/22, 60, 57, 28, 7, 5
2020/10/23, 57, 55, 19, 18, 7
2020/10/24, 53, 68, 18, 24, 7
2020/10/25, 55, 76, 20, 18, 6
2020/10/26, 53, 75, 21, 17, 5
2020/10/27, 49, 67, 27, 15, 7
2020/10/28, 35, 60, 24, 16, 7
2020/10/29, 56, 56, 26, 10, 6
2020/10/30, 59, 57, 23, 20, 5
2020/10/31, 78, 66, 28, 17, 5
2020/9/1, 121, 122, 16, 11, 6
2020/9/2, 85, 87, 19, 13, 5
2020/9/3, 78, 77, 26, 9, 4
2020/9/4, 60, 76, 25, 11, 5
2020/9/5, 78, 115, 18, 9, 4
2020/9/6, 91, 107, 24, 12, 3
2020/9/7, 78, 84, 19, 10, 5
2020/9/8, 94, 78, 23, 15, 7
2020/9/9, 136, 87, 34, 11, 3
2020/9/10, 147, 99, 24, 7, 4
2020/9/11, 117, 81, 34, 9, 4
2020/9/12, 117, 81, 26, 16, 5
2020/9/13, 86, 91, 19, 13, 5
2020/9/14, 90, 91, 24, 14, 5
2020/9/15, 65, 83, 16, 17, 4
2020/9/16, 65, 85, 21, 12, 3
2020/9/17, 62, 75, 33, 9, 3
2020/9/18, 62, 60, 22, 9, 5
2020/9/19, 77, 63, 24, 11, 5
2020/9/20, 102, 65, 20, 7, 5
2020/9/21, 92, 63, 21, 12, 5
2020/9/22, 79, 62, 19, 10, 6
2020/9/23, 76, 67, 26, 14, 4
2020/9/24, 86, 75, 37, 11, 4
2020/9/25, 77, 79, 31, 11, 5
2020/9/26, 89, 69, 32, 10, 3
2020/9/27, 94, 65, 22, 11, 5
2020/9/28, 74, 66, 27, 13, 6
2020/9/29, 99, 91, 14, 18, 7
2020/9/30, 98, 111, 15, 14, 7
2020/8/1, 126, 133, , 7, 4
2020/8/2, 117, 139, , 9, 3
2020/8/3, 132, 117, , 5, 2
2020/8/4, 117, 76, , 6, 2
2020/8/5, 81, 70, , 6, 2
2020/8/6, 78, 67, , 2, 3
2020/8/7, 51, 63, , 5, 3
2020/8/8, 75, 86, , 15, 4
2020/8/9, 108, 94, , 8, 2
2020/8/10, 125, 95, 25, 5, 3
2020/8/11, 121, 77, 23, 4, 2
2020/8/12, 75, 66, 25, 4, 3
2020/8/13, 66, 60, 30, 4, 2
2020/8/14, 71, 65, 27, 4, 1
2020/8/15, 83, 68, 19, 5, 2
2020/8/16, 97, 88, 27, 3, 1
2020/8/17, 104, 74, 27, 5, 3
2020/8/18, 69, 64, 27, 4, 3
2020/8/19, 87, 72, 18, 4, 3
2020/8/20, 107, 70, 26, 4, 3
2020/8/21, 67, 60, 23, 4, 3
2020/8/22, 60, 116, 16, 4, 4
2020/8/23, 143, 158, 19, 5, 4
2020/8/24, 116, 108, 20, 4, 3
2020/8/25, 95, 74, 25, 4, 3
2020/8/26, 66, 73, 22, 5, 4
2020/8/27, 65, 76, 21, 6, 4
2020/8/28, 73, 87, 21, 6, 4
2020/8/29, 106, 107, 20, 8, 4
2020/8/30, 109, 120, 23, 9, 4
2020/8/31, 102, 136, 21, 12, 6
2020/7/1, 92, 106, , 6, 2
2020/7/2, 82, 96, , 6, 3
2020/7/3, 49, 69, , 4, 3
2020/7/4, 90, 65, , 6, 3
2020/7/5, 75, 74, , 8, 3
2020/7/6, 108, 81, , 12, 20
2020/7/7, 120, 86, , 7, 8
2020/7/8, 106, 112, , 8, 3
2020/7/9, 120, 118, , 11, 2
2020/7/10, 89, 78, , 13, 3
2020/7/11, 93, 104, , 8, 2
2020/7/12, 152, 157, , 8, 3
2020/7/13, 135, 156, , 11, 3
2020/7/14, 126, 126, , 6, 2
2020/7/15, 113, 112, , 7, 2
2020/7/16, 95, 108, , 4, 2
2020/7/17, 110, 120, , 4, 3
2020/7/18, 99, 105, , 7, 3
2020/7/19, 99, 105, , 6, 3
2020/7/20, 73, 112, , 7, 2
2020/7/21, 131, 238, , 7, 2
2020/7/22, 130, 255, , 4, 2
2020/7/23, 96, 117, , 4, 2
2020/7/24, 74, 100, , 5, 2
2020/7/25, 83, 98, , 9, 3
2020/7/26, 72, 109, , 7, 3
2020/7/27, 107, 127, , 7, 4
2020/7/28, 81, 87, , 9, 3
2020/7/29, 80, 87, , 6, 3
2020/7/30, 113, 84, , 9, 3
2020/7/31, 109, 94, , 5, 3
2020/6/1, 142, 197, 13, 10, 5
2020/6/2, 137, 128, 22, 5, 4
2020/6/3, 89, 80, 36, 6, 4
2020/6/4, 104, 84, 19, 3, 4
2020/6/5, 102, 76, 17, 4, 4
2020/6/6, 75, 76, 22, 3, 4
2020/6/7, 75, 68, 25, 5, 3
2020/6/8, 58, 66, 2, 4, 4
2020/6/9, 98, 74, , 6, 3
2020/6/10, 82, 78, , 8, 5
2020/6/11, 92, 78, , 7, 10
2020/6/12, 126, 78, , 5, 4
2020/6/13, 93, 73, , 5, 3
2020/6/14, 71, 64, , 4, 3
2020/6/15, 57, 61, , 4, 3
2020/6/16, 54, 62, , 5, 3
2020/6/17, 76, 67, 30, 3, 3
2020/6/18, 62, 74, 28, 3, 5
2020/6/19, 96, 83, 18, 4, 3
2020/6/20, 116, 82, , 4, 3
2020/6/21, 133, 77, 26, 4, 3
2020/6/22, 54, 67, 27, 4, 4
2020/6/23, 60, 72, 30, 5, 4
2020/6/24, 81, 73, 25, 4, 3
2020/6/25, 81, 81, , 4, 2
2020/6/26, 111, 99, , 4, 2
2020/6/27, 127, 158, , 5, 2
2020/6/28, 149, 97, , 7, 3
2020/6/29, 97, 75, , 20, 3
2020/6/30, 109, 79, , 8, 2
2020/5/1, 74, 63, 1, 5, 5
2020/5/2, 34, 49, 1, 10, 7
2020/5/3, 87, 88, 1, 8, 6
2020/5/4, 85, 74, 18, 8, 7
2020/5/5, 87, 70, 17, 11, 8
2020/5/6, 69, 63, 22, 10, 8
2020/5/7, 83, 85, 25, 3, 5
2020/5/8, 49, 63, 23, 4, 6
2020/5/9, 44, 70, 20, 7, 7
2020/5/10, 68, 88, 18, 4, 6
2020/5/11, 117, 101, 24, 2, 7
2020/5/12, 49, 63, 28, 2, 7
2020/5/13, 30, 60, 30, 5, 7
2020/5/14, 53, 79, 29, 5, 6
2020/5/15, 56, 84, 26, 4, 6
2020/5/16, 83, 109, 24, 6, 7
2020/5/17, 96, 91, 22, 8, 7
2020/5/18, 84, 70, 23, 13, 6
2020/5/19, 76, 69, 23, 11, 7
2020/5/20, 85, 66, 26, 13, 8
2020/5/21, 89, 85, 28, 8, 2
2020/5/22, 93, 80, 21, 7, 5
2020/5/23, 87, 99, 28, 4, 4
2020/5/24, 125, 147, 12, 3, 3
2020/5/25, 132, 174, 18, 5, 3
2020/5/26, 83, 103, 20, 6, 4
2020/5/27, 105, 104, 25, 8, 4
2020/5/28, 114, 79, 22, 9, 4
2020/5/29, 91, 86, 15, 7, 4
2020/5/30, 111, 463, 18, 7, 4
2020/5/31, 184, 278, 10, 7, 4
2020/4/1, 52, 56, 22, 12, 6
2020/4/2, 68, 55, 26, 8, 7
2020/4/3, 67, 59, 15, 8, 6
2020/4/4, 76, 67, 20, 7, 5
2020/4/5, 68, 44, 28, 4, 6
2020/4/6, 38, 25, 23, 7, 6
2020/4/7, 38, 35, 19, 12, 5
2020/4/8, 76, 63, 18, 13, 6
2020/4/9, 93, 74, 12, 7, 5
2020/4/10, 88, 78, 9, 7, 5
2020/4/11, 88, 78, 9, 8, 6
2020/4/12, 71, 66, 11, 7, 5
2020/4/13, 62, 57, 16, 5, 5
2020/4/14, 21, 26, 7, 8, 5
2020/4/15, 29, 25, 15, 5, 5
2020/4/16, 32, 20, 16, 3, 5
2020/4/17, 47, 26, 18, 5, 6
2020/4/18, 75, 42, 20, 9, 5
2020/4/19, 68, 50, 13, 7, 5
2020/4/20, 49, 46, 17, 8, 6
2020/4/21, 72, 58, 1, 5, 5
2020/4/22, 93, 57, 4, 8, 5
2020/4/23, 82, 59, 28, 11, 5
2020/4/24, 76, , 1, , 
2020/4/25, 60, , 1, , 
2020/4/26, 63, , 1, , 
2020/4/27, 60, , 1, , 
2020/4/28, 47, , 1, 11, 2
2020/4/29, 38, 368, 1, 8, 3
2020/4/30, 109, 94, 1, 7, 5
2020/3/1, 101, 60, 25, 21, 6
2020/3/2, 92, 44, 21, 6, 4
2020/3/3, 35, 21, 23, 5, 5
2020/3/4, 27, 16, 24, 7, 5
2020/3/5, 58, 25, 26, 13, 5
2020/3/6, 69, 35, 25, 16, 6
2020/3/7, 69, 48, 24, 19, 6
2020/3/8, 74, 59, 21, 12, 6
2020/3/9, 125, 126, 21, 11, 6
2020/3/10, 120, 94, 21, 22, 6
2020/3/11, 48, 54, 21, 19, 6
2020/3/12, 79, 53, 22, 12, 5
2020/3/13, 90, 50, 14, 25, 7
2020/3/14, 68, 73, 15, 27, 5
2020/3/15, 86, 99, 21, 23, 5
2020/3/16, 58, 70, 15, 12, 6
2020/3/17, 55, 66, 19, 21, 6
2020/3/18, 59, 76, 14, 10, 7
2020/3/19, 71, 67, 19, 11, 7
2020/3/20, 58, 60, 11, 11, 6
2020/3/21, 40, 60, 17, 6, 5
2020/3/22, 75, 112, 22, 4, 5
2020/3/23, 128, 99, 23, 3, 5
2020/3/24, 39, 24, 21, 7, 5
2020/3/25, 41, 23, 26, 11, 6
2020/3/26, 48, 29, 22, 7, 5
2020/3/27, 56, 76, 13, 8, 5
2020/3/28, 117, 177, 12, 10, 5
2020/3/29, 143, 149, 21, 3, 5
2020/3/30, 111, 60, 24, 3, 6
2020/3/31, 36, 40, 20, 4, 6
2020/2/1, 84, 60, 22, 15, 5
2020/2/2, 88, 55, 19, 8, 6
2020/2/3, 31, 34, 21, 7, 6
2020/2/4, 24, 31, 18, 20, 6
2020/2/5, 52, 37, 17, 21, 5
2020/2/6, 74, 34, 18, 16, 5
2020/2/7, 62, 45, 21, 20, 6
2020/2/8, 101, 92, 16, 25, 5
2020/2/9, 102, 128, 16, 17, 5
2020/2/10, 62, 87, 18, 10, 6
2020/2/11, 54, 62, 19, 5, 5
2020/2/12, 31, 35, 19, 7, 6
2020/2/13, 22, 23, 22, 15, 6
2020/2/14, 31, 22, 23, 15, 6
2020/2/15, 51, 34, 21, 16, 4
2020/2/16, 67, 78, 18, 30, 5
2020/2/17, 106, 104, 13, 23, 6
2020/2/18, 85, 115, 9, 36, 6
2020/2/19, 91, 81, 15, 26, 6
2020/2/20, 77, 68, 21, 18, 6
2020/2/21, 84, 70, 23, 13, 6
2020/2/22, 106, 71, 20, 16, 4
2020/2/23, 76, 59, 17, 22, 5
2020/2/24, 70, 71, 14, 28, 5
2020/2/25, 74, 124, 17, 16, 6
2020/2/26, 125, 198, 24, 9, 8
2020/2/27, 95, 86, 23, 6, 4
2020/2/28, 75, 76, 24, 9, 5
2020/2/29, 112, 83, 21, 22, 5
2020/1/1, 68, 48, 20, 17, 4
2020/1/2, 87, 51, 19, 22, 4
2020/1/3, 75, 53, 13, 25, 5
2020/1/4, 62, 94, 14, 14, 5
2020/1/5, 71, 89, 17, 7, 4
2020/1/6, 18, 22, 19, 10, 5
2020/1/7, 20, 25, 16, 26, 6
2020/1/8, 32, 37, 14, 32, 4
2020/1/9, 34, 40, 16, 11, 4
2020/1/10, 26, 46, 19, 7, 5
2020/1/11, 43, 43, 18, 6, 5
2020/1/12, 23, 36, 21, 8, 5
2020/1/13, 40, 25, 21, 7, 6
2020/1/14, 27, 51, 17, 11, 5
2020/1/15, 43, 31, 18, 17, 5
2020/1/16, 13, 26, 17, 20, 5
2020/1/17, 24, 29, 15, 19, 5
2020/1/18, 38, 47, 15, 27, 6
2020/1/19, 36, 52, 23, 22, 6
2020/1/20, 49, 43, 19, 10, 5
2020/1/21, 27, 33, 18, 29, 5
2020/1/22, 45, 73, 14, 15, 6
2020/1/23, 80, 82, 16, 7, 5
2020/1/24, 22, 21, 18, 14, 5
2020/1/25, 18, 61, 18, 7, 6
2020/1/26, 88, 87, 19, 5, 5
2020/1/27, 35, 30, 21, 9, 5
2020/1/28, 36, 32, 21, 19, 6
2020/1/29, 67, 38, 21, 22, 6
2020/1/30, 60, 39, 24, 24, 6
2020/1/31, 85, 64, 21, 22, 4
2019/10/1, 160, 101, , 14, 3
2019/10/2, 163, 102, , 16, 4
2019/10/3, 160, 92, 1, 11, 3
2019/10/4, 155, 114, , 12, 4
2019/10/5, 155, 137, , 14, 4
2019/10/6, 141, 146, , 26, 4
2019/10/7, 143, 120, , 18, 3
2019/10/8, 94, 73, , 10, 4
2019/10/9, 116, 80, , 10, 3
2019/10/10, 161, 168, , 12, 3
2019/10/11, 237, 115, , 8, 3
2019/10/12, 145, 90, , 18, 3
2019/10/13, 140, 110, 5, 16, 3
2019/10/14, 129, 83, 2, 19, 3
2019/10/16, 29, 71, 15, 16, 3
2019/10/17, 38, 68, 20, 12, 3
2019/10/22, 127, 63, 24, 11, 3
2019/10/23, 115, 62, 21, 10, 3
2019/10/24, 100, 67, 20, 13, 3
2019/10/25, 95, 67, 24, 12, 3
2019/10/26, 82, 68, 19, 17, 4
2019/10/27, 77, 70, 21, 21, 3
2019/10/28, 83, 70, 16, 27, 3
2019/10/29, 67, 61, 19, 25, 3
2019/10/30, 65, 80, 16, 19, 3
2019/10/31, 90, 65, 19, 13, 3
2019/11/1, 71, 40, 22, 5, 3
2019/11/2, 32, 27, 20, 16, 3
2019/11/3, 56, 36, 24, 16, 3
2019/11/4, 82, 41, 18, 12, 4
2019/11/5, 66, 41, 18, 13, 4
2019/11/6, 85, 47, 21, 16, 5
2019/11/7, 80, 40, 21, 14, 4
2019/11/8, 57, 44, 18, 14, 5
2019/11/9, 65, 83, 11, 20, 5
2019/11/10, 64, 81, 17, 17, 5
2019/11/11, 20, 50, 18, 23, 5
2019/11/12, 24, 44, 20, 21, 5
2019/11/13, 29, 68, 21, 28, 5
2019/11/14, 27, 152, 22, 25, 3
2019/11/15, 50, 60, 27, 21, 5
2019/11/16, 66, 61, 18, 27, 5
2019/11/17, 54, 65, 16, 19, 5
2019/11/18, 44, 56, 15, 16, 5
2019/11/19, 36, 45, 12, 12, 5
2019/11/20, 35, 42, 19, 11, 5
2019/11/21, 40, 43, 21, 15, 4
2019/11/22, 34, 41, 22, 21, 4
2019/11/24, 18, 40, 22, 22, 4
2019/11/25, 24, 40, 20, 21, 4
2019/11/26, 17, 44, 21, 26, 4
2019/11/27, 44, 45, 16, 26, 5
2019/11/28, 36, 45, 21, 24, 5
2019/11/29, 60, 45, , 18, 5
2019/12/4, 69, 57, 18, 17, 5
2019/12/5, 71, 55, 21, 20, 4
2019/12/6, 57, 56, 13, 25, 5
2019/12/7, 55, 55, 12, 18, 4
2019/12/8, 49, 52, 16, 20, 4
2019/12/9, 53, 57, 11, 22, 4
2019/12/10, 62, 54, 12, 14, 3
2019/12/11, 58, 38, 17, 6, 4
2019/12/12, 34, 22, 18, 16, 5
2019/12/13, 35, 34, 15, 22, 5
2019/12/14, 49, 44, 10, 24, 5
2019/12/15, 62, 45, 14, 18, 4
2019/12/16, 56, 64, 13, 16, 4
2019/12/17, 69, 85, 14, 16, 5
2019/12/18, 57, 38, 18, 5, 5
2019/12/19, 38, 20, 18, 10, 5
2019/12/20, 25, 19, 17, 12, 5
2019/12/21, 17, 25, 17, 20, 5
2019/12/22, 11, 27, 17, 26, 5
2019/12/23, 25, 63, 18, 26, 5
2019/12/24, 48, 41, 17, 27, 6
2019/12/25, 39, 28, 18, 23, 4
2019/12/26, 42, 30, 22, 22, 5
2019/12/27, 56, 39, 18, 26, 4
2019/12/28, 83, 47, 18, 21, 6
2019/12/29, 94, , , , 
2019/7/1, 139, , 13, , 
2019/7/2, 117, , 15, , 
2019/7/3, 131, , 9, , 
2019/7/4, 137, , 11, , 
2019/7/5, 143, , 16, , 
2019/7/6, 111, , 18, , 
2019/7/7, 135, , 13, , 
2019/7/8, 146, , 13, , 
2019/7/9, 108, , 15, , 
2019/7/10, 106, , 15, , 
2019/7/11, 115, , 19, , 
2019/7/12, 135, , 16, , 
2019/7/13, 154, , 11, , 
2019/7/14, 168, 73, 16, 10, 7
2019/7/15, 108, 63, 17, 11, 4
2019/7/16, 110, 72, 12, 10, 4
2019/7/17, 125, 75, 10, 9, 3
2019/7/18, 137, 64, 9, 9, 3
2019/7/19, 148, 6, 12, , 
2019/7/20, 149, 182, 8, 4, 4
2019/7/21, 155, 151, 8, 4, 3
2019/7/22, 161, 136, 6, 4, 4
2019/7/23, 161, 143, 5, 4, 4
2019/7/24, 149, 121, 3, 3, 4
2019/7/25, 146, 99, 7, 3, 4
2019/7/26, 150, 103, 7, 5, 5
2019/7/27, 155, 116, 4, 7, 4
2019/7/28, 154, 129, 3, 8, 4
2019/7/29, 154, 76, 4, 8, 4
2019/7/30, 171, 72, 7, 8, 5
2019/7/31, 153, 67, 9, 5, 4
2019/8/1, 163, 62, 12, 7, 5
2019/8/2, 135, 56, 11, 18, 6
2019/8/3, 129, 59, 10, 7, 3
2019/8/4, 158, 58, 15, 5, 4
2019/8/5, 116, 53, 14, 5, 4
2019/8/6, 105, 53, 15, 6, 4
2019/8/7, 121, 55, 15, 4, 4
2019/8/8, 143, 56, 12, 4, 4
2019/8/9, 144, 63, 9, 4, 4
2019/8/10, 168, 60, 15, 2, 4
2019/8/11, 140, 54, 15, 3, 4
2019/8/12, 116, 55, 11, 3, 4
2019/8/13, 135, 57, 11, 10, 4
2019/8/14, 151, 57, 11, 9, 3
2019/8/15, 156, 110, 10, 5, 2
2019/8/16, 160, 116, 8, 8, 3
2019/8/17, 161, 93, 9, 5, 4
2019/8/18, 160, 113, 10, 7, 4
2019/8/19, 164, 144, 5, 9, 4
2019/8/20, 144, 119, 6, 9, 4
2019/8/22, 152, 82, 10, , 3
2019/8/23, 156, 109, 4, 8, 4
2019/8/24, 139, 70, 7, 15, 4
2019/8/25, 126, 62, 7, 11, 4
2019/8/26, 131, 61, 10, 10, 3
2019/8/27, 138, 62, 8, 22, 4
2019/8/28, 115, 62, 10, 13, 4
2019/8/29, 105, 54, 10, 10, 4
2019/8/30, 106, 45, 9, 10, 4
2019/8/31, 131, 57, 9, 14, 4
2019/9/1, 156, 71, 9, 9, 4
2019/9/2, 154, 73, 7, 19, 3
2019/9/3, 136, 119, 10, 15, 4
2019/9/4, 132, 112, 6, 17, 4
2019/9/5, 136, 105, , 6, 4
2019/9/6, 146, 102, , 13, 3
2019/9/7, 144, 74, 1, 5, 3
2019/9/8, 106, 63, 2, 8, 3
2019/9/9, 93, 63, 1, 5, 3
2019/9/10, 111, 69, , 8, 3
2019/9/11, 121, 75, 1, 8, 2
2019/9/12, 142, 64, , 4, 3
2019/9/13, 97, 58, , 8, 3
2019/9/14, 99, 60, 1, 10, 3
2019/9/15, 113, 77, , 7, 3
2019/9/16, 124, 96, , 12, 3
2019/9/17, 115, 82, 1, 10, 3
2019/9/18, 145, 83, , 12, 4
2019/9/19, 143, 84, , 9, 4
2019/9/20, 122, 75, , 11, 4
2019/9/21, 134, 76, 1, 13, 4
2019/9/22, 150, 79, 1, 13, 4
2019/9/23, 158, 88, , 14, 4
2019/9/24, 150, 150, , 14, 4
2019/9/25, 168, 178, , 11, 3
2019/9/26, 113, 76, , 9, 3
2019/9/27, 97, 79, , 9, 3
2019/9/28, 116, 82, , 12, 3
2019/9/29, 140, 81, , 11, 3
2019/9/30, 148, 83, , 16, 4
2019/4/1, 139, , , , 
2019/4/2, 162, , , , 
2019/4/3, 137, , , , 
2019/4/4, 106, , , , 
2019/4/5, 90, , , , 
2019/4/6, 88, , , , 
2019/4/7, 92, , , , 
2019/4/8, 96, , , , 
2019/4/9, 108, , , , 
2019/4/10, 72, , , , 
2019/4/11, 91, , , , 
2019/4/12, 93, , , , 
2019/4/13, 115, , , , 
2019/4/14, 90, , , , 
2019/4/15, 110, , , , 
2019/4/16, 95, , , , 
2019/4/17, 115, , , , 
2019/4/18, 111, , , , 
2019/4/19, 108, , , , 
2019/4/20, 112, , , , 
2019/4/21, 116, , , , 
2019/4/22, 120, , , , 
2019/4/23, 97, , , , 
2019/4/24, 71, , , , 
2019/4/25, 82, , , , 
2019/4/26, 85, , , , 
2019/4/27, 83, , , , 
2019/4/28, 93, , , , 
2019/4/29, 111, , , , 
2019/4/30, 100, , , , 
2019/5/1, 124, , , , 
2019/5/2, 115, , 16, , 
2019/5/3, 124, , 7, , 
2019/5/4, 143, , 5, , 
2019/5/5, 155, , 7, , 
2019/5/6, 165, , 11, , 
2019/5/7, 126, , 11, , 
2019/5/8, 113, , 10, , 
2019/5/9, 131, , 8, , 
2019/5/10, 140, , 8, , 
2019/5/11, 148, , 10, , 
2019/5/12, 124, , 15, , 
2019/5/13, 106, , 12, , 
2019/5/14, 133, , 9, , 
2019/5/15, 160, , 14, , 
2019/5/16, 164, , 12, , 
2019/5/17, 121, , 10, , 
2019/5/18, 119, , 4, , 
2019/5/19, 147, , 5, , 
2019/5/20, 145, , 5, , 
2019/5/21, 171, , 8, , 
2019/5/22, 154, , 12, , 
2019/5/23, 135, , 14, , 
2019/5/24, 142, , 11, , 
2019/5/25, 143, , 11, , 
2019/5/26, 145, , 9, , 
2019/5/27, 143, , 8, , 
2019/5/28, 135, , 10, , 
2019/5/29, 129, , 10, , 
2019/5/30, 153, , 16, , 
2019/5/31, 159, , 11, , 
2019/6/1, 130, , 13, , 
2019/6/2, 138, , 20, , 
2019/6/3, 160, , 10, , 
2019/6/4, 147, , 5, , 
2019/6/5, 106, , 11, , 
2019/6/6, 121, , 10, , 
2019/6/7, 146, , 9, , 
2019/6/8, 160, , 14, , 
2019/6/9, 168, , 14, , 
2019/6/10, 166, , 10, , 
2019/6/11, 154, , 10, , 
2019/6/12, 155, , 11, , 
2019/6/13, 155, , 8, , 
2019/6/14, 131, , 10, , 
2019/6/15, 133, , 7, , 
2019/6/16, 127, , 11, , 
2019/6/17, 132, , 9, , 
2019/6/18, 143, , 11, , 
2019/6/19, 101, , 11, , 
2019/6/20, 112, , 12, , 
2019/6/21, 125, , 12, , 
2019/6/22, 136, , 7, , 
2019/6/23, 150, , 6, , 
2019/6/24, 141, , 10, , 
2019/6/25, 147, , 8, , 
2019/6/26, 164, , 6, , 
2019/6/27, 162, , 9, , 
2019/6/28, 157, , 14, , 
2019/6/29, 156, , 14, , 
2019/6/30, 155, , 13, , 
2019/1/1, 125, , , , 
2019/1/2, 100, , , , 
2019/1/3, 107, , , , 
2019/1/4, 104, , , , 
2019/1/5, 77, , , , 
2019/1/6, 95, , , , 
2019/1/7, 121, , , , 
2019/1/8, 126, , , , 
2019/1/9, 117, , , , 
2019/1/10, 115, , , , 
2019/1/11, 72, , , , 
2019/1/12, 69, , , , 
2019/1/13, 91, , , , 
2019/1/14, 102, , , , 
2019/1/15, 107, , , , 
2019/1/16, 99, , , , 
2019/1/17, 109, , , , 
2019/1/18, 168, , , , 
2019/1/19, 164, , , , 
2019/1/20, 72, , , , 
2019/1/21, 84, , , , 
2019/1/22, 77, , , , 
2019/1/23, 125, , , , 
2019/1/24, 165, , , , 
2019/1/25, 161, , , , 
2019/1/26, 133, , , , 
2019/1/27, 103, , , , 
2019/1/28, 118, , , , 
2019/1/29, 103, , , , 
2019/1/30, 117, , , , 
2019/1/31, 81, , , , 
2019/2/1, 104, , , , 
2019/2/2, 111, , , , 
2019/2/3, 126, , , , 
2019/2/4, 93, , , , 
2019/2/5, 74, , , , 
2019/2/6, 71, , , , 
2019/2/7, 72, , , , 
2019/2/8, 78, , , , 
2019/2/9, 91, , , , 
2019/2/10, 89, , , , 
2019/2/11, 122, , , , 
2019/2/12, 104, , , , 
2019/2/13, 75, , , , 
2019/2/14, 84, , , , 
2019/2/15, 81, , , , 
2019/2/16, 99, , , , 
2019/2/17, 95, , , , 
2019/2/18, 71, , , , 
2019/2/19, 73, , , , 
2019/2/20, 80, , , , 
2019/2/21, 93, , , , 
2019/2/22, 88, , , , 
2019/2/23, 112, , , , 
2019/2/24, 142, , , , 
2019/2/25, 128, , , , 
2019/2/26, 104, , , , 
2019/2/27, 101, , , , 
2019/2/28, 114, , , , 
2019/3/2, 70, , , , 
2019/3/3, 76, , , , 
2019/3/4, 78, , , , 
2019/3/5, 80, , , , 
2019/3/6, 104, , , , 
2019/3/7, 96, , , , 
2019/3/8, 81, , , , 
2019/3/9, 93, , , , 
2019/3/10, 79, , , , 
2019/3/11, 91, , , , 
2019/3/12, 94, , , , 
2019/3/13, 99, , , , 
2019/3/14, 119, , , , 
2019/3/15, 112, , , , 
2019/3/16, 117, , , , 
2019/3/17, 152, , , , 
2019/3/18, 117, , , , 
2019/3/19, 94, , , , 
2019/3/20, 88, , , , 
2019/3/21, 91, , , , 
2019/3/22, 110, , , , 
2019/3/23, 167, , , , 
2019/3/24, 144, , , , 
2019/3/25, 146, , , , 
2019/3/26, 170, , , , 
2019/3/27, 115, , , , 
2019/3/28, 96, , , , 
2019/3/29, 132, , , , 
2019/3/30, 116, , , , 
2019/3/31, 132, , , , 
2018/10/1, 158, 90, 17, 15, 6
2018/10/2, 133, 74, 19, 16, 6
2018/10/3, 111, 124, 16, 16, 10
2018/10/4, 145, 148, 24, 11, 16
2018/10/5, 143, 116, 21, 10, 10
2018/10/6, 163, 112, 19, 20, 5
2018/10/7, 140, 108, 17, 17, 3
2018/10/8, 87, 105, 15, 16, 7
2018/10/9, 139, 101, 17, 15, 3
2018/10/10, 130, 75, 18, 18, 2
2018/10/11, 138, 69, 17, 18, 2
2018/10/12, 135, 64, 12, 15, 1
2018/10/13, 98, 62, 13, 15, 2
2018/10/14, 85, 57, 8, 12, 5
2018/10/15, 72, 46, 12, 11, 5
2018/10/16, 88, 52, 24, 14, 4
2018/10/17, 126, 53, 20, 14, 2
2018/10/18, 95, 49, 13, 13, 2
2018/10/19, 84, 47, 13, 17, 2
2018/10/20, 105, 50, 14, 19, 2
2018/10/21, 100, 53, 19, 22, 2
2018/10/22, 109, 55, 11, 10, 3
2018/10/23, 89, 51, 13, 8, 4
2018/10/24, 85, 55, 17, 11, 4
2018/10/25, 118, 67, 23, 15, 6
2018/10/26, 140, 65, 20, 16, 4
2018/10/27, 119, 63, 14, 11, 2
2018/10/28, 85, 53, 13, 13, 2
2018/10/29, 64, 58, 16, 8, 2
2018/10/30, 83, 62, 19, 13, 5
2018/10/31, 102, 57, 19, 15, 4
2018/11/1, 89, 61, 18, 14, 3
2018/11/2, 110, 75, 16, 12, 2
2018/11/3, 115, 62, 15, 18, 2
2018/11/4, 74, 60, 12, 22, 2
2018/11/5, 92, 75, 7, 23, 2
2018/11/6, 100, 103, , 22, 1
2018/11/12, 75, 45, , 12, 2
2018/11/13, 72, 43, , 17, 2
2018/11/14, 67, 48, , 21, 3
2018/11/15, 100, 53, , 20, 1
2018/11/16, 121, , , , 
2018/11/17, 112, 57, , 5, 3
2018/11/18, 95, 51, , 8, 5
2018/11/19, 77, 51, , 15, 3
2018/11/20, 84, 47, , 8, 5
2018/11/21, 84, 41, , 15, 4
2018/11/22, 96, 42, , 35, 2
2018/11/23, 101, 53, , 21, 3
2018/11/24, 96, 60, , 13, 1
2018/11/25, 118, 59, , 13, 2
2018/11/26, 71, 44, , 9, 3
2018/11/27, 80, 41, , 9, 4
2018/11/28, 78, 41, , 20, 6
2018/11/29, 97, 50, , 22, 3
2018/11/30, 91, 54, , 20, 2
2018/12/1, 87, 56, , 20, 2
2018/12/2, 81, 54, , 16, 6
2018/12/3, 95, 59, , 23, 5
2018/12/4, 121, 66, , 27, 5
2018/12/5, 134, 67, , 29, 4
2018/12/6, 125, 65, , 19, 5
2018/12/7, 123, 62, , 18, 2
2018/12/8, 89, 51, , 19, 2
2018/12/9, 68, 53, , 14, 3
2018/12/10, 77, 60, , 12, 3
2018/12/11, 80, 74, , 6, 3
2018/12/12, 72, 56, , 10, 7
2018/12/13, 78, 53, , 15, 6
2018/12/16, 67, 53, , 20, 3
2018/12/17, 79, 53, , 19, 5
2018/12/18, 92, 51, , 10, 8
2018/12/19, 102, 55, , 12, 5
2018/12/20, 83, 58, , 13, 6
2018/12/21, 72, 59, , 13, 4
2018/12/22, 82, 60, , 4, 4
2018/12/23, 60, 55, , 7, 7
2018/12/24, 76, 64, , 8, 8
2018/12/25, 75, 62, , 22, 6
2018/12/26, 78, 51, , 21, 5
2018/12/27, 101, 54, , 25, 5
2018/12/28, 107, 54, , 26, 5
2018/12/29, 101, 60, , 28, 6
2018/12/30, 116, , , , 
2018/7/1, 158, 157, 19, 18, 10
2018/7/2, 163, 165, 24, 14, 20
2018/7/3, 169, 103, 25, 18, 7
2018/7/4, 159, 130, 24, 21, 1
2018/7/5, 176, 325, 9, 13, 
2018/7/6, 266, 366, 8, 13, 1
2018/7/7, 176, 178, 10, 19, 4
2018/7/8, 163, 164, 24, 12, 9
2018/7/9, 163, 175, 27, 10, 8
2018/7/10, 169, , 19, , 
2018/7/11, 162, , 26, , 
2018/7/12, 162, , 24, , 
2018/7/13, 169, , 24, , 
2018/7/14, 154, , 19, , 
2018/7/15, 142, , 31, , 
2018/7/16, 97, , 32, , 
2018/7/17, 107, , 31, , 
2018/7/18, 127, , 27, , 
2018/7/19, 134, , 24, , 
2018/7/20, 151, 123, 21, 11, 12
2018/7/21, 163, 114, 24, 13, 8
2018/7/22, 162, 99, 28, 3, 10
2018/7/23, 128, 146, 28, 6, 9
2018/7/24, 87, 183, 38, 6, 11
2018/7/25, 116, 99, 33, 6, 13
2018/7/26, 119, 65, 24, 6, 10
2018/7/27, 104, 70, 25, 9, 3
2018/7/28, 120, 91, 17, 17, 2
2018/7/29, 210, 141, 15, 13, 12
2018/7/30, 248, 145, 19, 10, 16
2018/7/31, 194, 84, 22, 7, 22
2018/8/1, 150, 71, 20, 7, 8
2018/8/2, 89, , 23, , 
2018/8/3, 94, 68, 23, 16, 13
2018/8/4, 123, 67, 27, 15, 17
2018/8/5, 140, 60, 36, 9, 14
2018/8/6, 136, 72, 29, 8, 6
2018/8/7, 142, 139, 25, 10, 4
2018/8/8, 175, 106, 17, 13, 1
2018/8/9, 201, 146, 14, 11, 9
2018/8/10, 175, 118, 17, 12, 1
2018/8/11, 163, 111, 35, 7, 4
2018/8/12, 141, 88, 23, 7, 12
2018/8/13, 109, 94, 23, 7, 10
2018/8/14, 139, 101, 18, 9, 4
2018/8/15, 154, 91, 21, 11, 3
2018/8/16, 124, 88, 22, 8, 1
2018/8/17, 122, 83, 19, 8, 7
2018/8/18, 134, 94, 17, 10, 5
2018/8/19, 155, 96, 18, 10, 5
2018/8/20, 147, 85, 27, 7, 5
2018/8/21, 132, 96, 24, 8, 2
2018/8/22, 148, 101, 17, 10, 3
2018/8/23, 141, 98, 28, 8, 4
2018/8/24, 138, 105, 14, 10, 1
2018/8/25, 145, 99, 17, 10, 7
2018/8/26, 141, 104, 19, 14, 2
2018/8/27, 156, 103, 14, 16, 1
2018/8/28, 141, 102, 13, 16, 
2018/8/29, 152, 102, 8, 16, 1
2018/8/30, 130, 100, 12, 15, 3
2018/8/31, 124, 95, 21, 17, 8
2018/9/1, 140, 101, 18, 13, 2
2018/9/2, 159, 105, 22, 19, 3
2018/9/3, 144, 104, 11, 20, 3
2018/9/4, 162, 100, 11, 15, 3
2018/9/5, 159, 99, 15, 18, 4
2018/9/6, 159, 89, 24, 16, 5
2018/9/7, 144, 91, 18, 10, 6
2018/9/8, 128, 92, 25, 13, 7
2018/9/9, 155, 101, 14, 12, 3
2018/9/10, 146, 95, 8, 15, 2
2018/9/11, 126, 85, 10, 13, 5
2018/9/12, 102, 83, 14, 14, 13
2018/9/13, 132, 94, 16, 8, 8
2018/9/14, 155, 100, 8, 17, 4
2018/9/15, 142, 98, 10, 19, 3
2018/9/16, 123, 86, 9, 18, 4
2018/9/17, 119, 96, 11, 18, 2
2018/9/18, 136, 103, 8, 18, 1
2018/9/19, 133, 98, 11, 16, 5
2018/9/20, 124, 97, 26, 12, 3
2018/9/21, 132, 99, 13, 13, 3
2018/9/22, 134, 98, 16, 18, 4
2018/9/23, 135, 99, 10, 13, 2
2018/9/24, 118, 96, 14, 13, 6
2018/9/25, 129, 99, 20, 12, 8
2018/9/26, 137, 83, 27, 13, 5
2018/9/27, 122, 91, 17, 10, 2
2018/9/28, 104, 93, 14, 14, 2
2018/9/29, 106, 108, 12, 16, 4
2018/9/30, 142, 101, 15, 12, 13
2018/4/1, 121, 86, 24, 7, 8
2018/4/2, 74, 54, 25, 8, 8
2018/4/3, 71, 62, 15, 15, 4
2018/4/4, 121, 117, 20, 17, 5
2018/4/5, 140, 107, 17, 19, 7
2018/4/6, 137, 127, 16, 16, 7
2018/4/7, 115, 73, 15, 15, 3
2018/4/8, 87, 118, 16, 15, 3
2018/4/9, 150, 175, 20, 18, 4
2018/4/10, 162, 122, 19, 17, 3
2018/4/11, 123, 86, 17, 17, 3
2018/4/12, 88, 85, 17, 16, 2
2018/4/13, 114, 97, 18, 9, 4
2018/4/14, 113, 102, 23, 11, 5
2018/4/15, 114, 51, 19, 15, 3
2018/4/16, 81, 107, 12, 15, 1
2018/4/17, 159, 152, 25, 8, 4
2018/4/18, 97, 53, 32, 6, 5
2018/4/19, 70, 29, 34, 8, 6
2018/4/20, 72, 39, 29, 18, 4
2018/4/21, 88, 51, 20, 29, 3
2018/4/22, 112, 117, 17, 16, 1
2018/4/23, 157, 129, 20, 16, 1
2018/4/24, 138, 125, 23, 9, 4
2018/4/25, 139, , 21, , 
2018/4/26, 148, , 17, , 
2018/4/27, 153, 129, 3, 16, 2
2018/4/28, 154, 114, 13, 25, 4
2018/4/29, 142, 93, 20, 11, 2
2018/4/30, 102, 71, 21, 12, 6
2018/5/1, 94, 53, 21, 15, 6
2018/5/2, 77, 56, 23, 10, 6
2018/5/3, 91, 82, 20, 8, 4
2018/5/4, 122, 114, 21, 8, 12
2018/5/5, 149, 97, 23, 10, 12
2018/5/6, 121, 86, 24, 11, 9
2018/5/7, 127, 113, 21, 15, 8
2018/5/8, 155, 128, 22, 17, 4
2018/5/9, 161, 167, 19, 15, 2
2018/5/10, 164, 146, 21, 10, 3
2018/5/11, 131, 102, 15, 23, 1
2018/5/12, 129, 207, 12, 11, 2
2018/5/14, 126, 116, 23, 14, 2
2018/5/15, 123, 69, 22, 10, 3
2018/5/16, 67, 42, 24, 10, 4
2018/5/17, 63, 55, 29, 7, 6
2018/5/18, 81, 35, 28, 8, 10
2018/5/19, 89, 47, 27, 12, 4
2018/5/20, 92, 41, 29, 13, 6
2018/5/21, 109, 88, 22, 13, 1
2018/5/22, 138, 123, 24, 14, 4
2018/5/23, 136, 82, 25, 19, 5
2018/5/24, 123, 71, 18, 15, 3
2018/5/25, 111, 98, 10, 13, 1
2018/5/26, 97, 88, 10, 13, 1
2018/5/27, 94, 116, 16, 17, 2
2018/5/28, 130, 121, 15, 18, 5
2018/5/29, 131, 100, 14, 17, 9
2018/5/30, 131, 99, 25, 18, 25
2018/5/31, 163, 109, 23, 18, 14
2018/6/1, 167, 129, 19, 20, 9
2018/6/2, 168, 148, 26, 19, 4
2018/6/3, 167, 146, 18, 17, 3
2018/6/4, 153, 133, 15, 17, 3
2018/6/5, 139, 115, 11, 17, 2
2018/6/6, 115, 103, 11, 17, 4
2018/6/7, 140, 122, 20, 11, 16
2018/6/8, 161, 146, 17, 6, 15
2018/6/9, 126, 104, 24, 8, 12
2018/6/10, 119, 83, 26, 8, 13
2018/6/11, 97, 90, 30, 8, 15
2018/6/12, 113, 93, 23, 12, 12
2018/6/13, 119, 107, 21, 12, 9
2018/6/14, 118, 87, 24, 7, 15
2018/6/15, 119, 70, 77, 5, 12
2018/6/16, 76, 51, 76, 7, 5
2018/6/18, 99, 79, 26, 21, 10
2018/6/19, 148, 111, 19, 10, 16
2018/6/20, 148, 111, 17, 8, 19
2018/6/21, 144, 83, 26, 5, 20
2018/6/22, 96, 77, 28, 6, 14
2018/6/23, 115, 119, 26, 7, 13
2018/6/24, 161, 148, 32, 11, 15
2018/6/25, 153, 104, 30, 19, 11
2018/6/26, 154, 97, 28, 26, 9
2018/6/27, 155, 89, 32, 20, 7
2018/6/28, 167, 100, 27, 8, 4
2018/6/29, 173, 167, 17, 13, 
2018/6/30, 171, 177, 16, 19, 1
2018/1/1, 84, 74, , 19, 5
2018/1/2, 107, 96, , 12, 2
2018/1/3, 97, 66, , 2, 3
2018/1/4, 61, 47, , 5, 6
2018/1/5, 71, 52, , 19, 4
2018/1/6, 84, 60, , 17, 4
2018/1/7, 85, 85, , 4, 6
2018/1/8, 88, 74, , 13, 2
2018/1/9, 77, 62, , 19, 2
2018/1/10, 63, 46, , 20, 3
2018/1/11, 62, 26, , 17, 3
2018/1/12, 60, 23, , 8, 8
2018/1/13, 76, 42, , 13, 7
2018/1/14, 98, 121, , 10, 6
2018/1/15, 109, 124, , 5, 5
2018/1/16, 96, 79, , 6, 3
2018/1/17, 68, 57, , 8, 4
2018/1/18, 65, 60, , 19, 3
2018/1/19, 82, 69, , 21, 3
2018/1/20, 92, 112, , 6, 3
2018/1/21, 160, 316, , 9, 1
2018/1/22, 201, 314, , 17, 3
2018/1/23, 181, 234, , 30, 3
2018/1/24, 179, 207, , 31, 2
2018/1/25, 171, 190, , 19, 4
2018/1/26, 151, 173, , 24, 4
2018/1/27, 133, 128, , 15, 5
2018/1/28, 118, 70, , 4, 6
2018/1/29, 60, 41, , 7, 4
2018/1/30, 62, 37, , 6, 4
2018/1/31, 60, 44, , 6, 7
2018/2/1, 66, 47, , 6, 5
2018/2/2, 68, 49, , 11, 6
2018/2/3, 72, 48, , 21, 6
2018/2/4, 90, 50, , 21, 4
2018/2/5, 79, 73, , 19, 6
2018/2/6, 90, 98, , 17, 6
2018/2/7, 122, 135, , 12, 8
2018/2/8, 135, , , , 
2018/2/9, 143, 96, , 18, 9
2018/2/10, 119, 96, , 31, 8
2018/2/11, 128, 76, 12, 43, 7
2018/2/12, 119, 74, 15, 37, 7
2018/2/13, 116, 98, 14, 17, 2
2018/2/14, 141, 134, 13, 19, 2
2018/2/15, 118, 79, 17, 23, 3
2018/2/16, 107, 93, 11, 25, 5
2018/2/17, 129, 96, 14, 33, 4
2018/2/18, 126, 99, 16, 26, 3
2018/2/19, 133, 137, 18, 9, 5
2018/2/20, 150, 143, 19, 18, 5
2018/2/21, 150, 146, 17, 19, 3
2018/2/22, 141, 85, 19, 20, 3
2018/2/23, 98, 82, 11, 16, 2
2018/2/24, 116, 90, 12, 14, 1
2018/2/25, 60, 50, 16, 12, 2
2018/2/26, 47, 49, 16, 14, 2
2018/2/27, 65, 80, 14, 18, 2
2018/2/28, 142, 123, 10, 21, 2
2018/3/1, 102, 71, 13, 13, 1
2018/3/2, 62, 54, 23, 9, 8
2018/3/3, 75, 52, 24, 16, 11
2018/3/4, 93, 57, 25, 15, 8
2018/3/5, 110, 73, 22, 29, 7
2018/3/6, 125, 80, 21, 24, 9
2018/3/7, 134, 65, 20, 24, 12
2018/3/8, 129, 73, 26, 20, 24
2018/3/9, 147, 83, 14, 30, 7
2018/3/10, 146, 103, 13, 22, 2
2018/3/11, 145, 112, 12, 14, 
2018/3/12, 104, 88, 18, 21, 4
2018/3/13, 111, 72, 27, 9, 7
2018/3/14, 66, , 22, , 
2018/3/15, 88, , 21, , 
2018/3/16, 102, , 17, , 
2018/3/17, 110, 57, 22, 9, 6
2018/3/18, 123, 42, 24, 9, 14
2018/3/19, 64, 50, 24, 18, 6
2018/3/20, 86, 68, 22, 22, 4
2018/3/21, 98, 71, 26, 22, 5
2018/3/22, 117, 75, 28, 12, 8
2018/3/23, 135, 87, 27, 15, 5
2018/3/24, 121, 63, 17, 21, 3
2018/3/25, 105, 70, 17, 22, 2
2018/3/26, 86, 54, 23, 20, 9
2018/3/27, 102, 62, 31, 13, 10
2018/3/28, 127, 123, 21, 20, 6
2018/3/29, 133, 108, 27, 17, 4
2018/3/30, 144, 89, 23, 17, 8
2018/3/31, 144, 125, 23, 6, 6
2017/12/19, 79, 47, 64, 23, 5
2017/12/20, 93, 72, 64, 22, 7
2017/12/21, 85, 42, 67, 16, 4
2017/12/22, 127, 107, 66, 19, 5
2017/12/23, 136, 135, 84, 10, 6
2017/12/24, 152, 136, 92, 12, 6
2017/12/25, 134, 123, 70, 22, 10
2017/12/26, 115, 113, 59, 28, 7
2017/12/27, 113, 117, 64, 14, 3
2017/12/28, 123, 106, 73, 10, 4
2017/12/29, 93, 109, 49, 15, 2
2017/12/30, 76, 90, 48, 21, 2
2019/12/31, , 36, 20, 17, 5
2019/10/15, , 79, 2, 17, 3
2019/10/18, , 68, 23, 14, 3
2019/10/19, , 68, 23, 14, 3
2019/10/20, , 69, 22, 15, 3
2019/10/21, , 74, 21, 15, 4
2019/11/23, , 43, 22, 20, 5
2019/11/30, , 46, , 14, 4
2019/12/1, , 52, , 22, 5
2019/12/2, , 54, , 21, 5
2019/12/3, , 53, 12, 23, 4
2019/8/21, , 94, 11, 9, 4
2018/11/7, , 78, , 22, 3
2018/11/8, , 59, , 15, 5
2018/11/9, , 57, , 16, 5
2018/11/10, , 47, , 16, 3
2018/11/11, , 46, , 16, 2
2018/12/14, , 54, , 10, 4
2018/12/15, , 54, , 14, 3
2018/5/13, , 258, 24, 13, 3
2018/6/17, , 60, 26, 13, 6
2017/11/13, , 57, 39, 8, 3
2017/11/14, , 43, 39, 14, 3
2017/11/15, , 61, 43, 23, 4
2017/11/16, , 66, 50, 24, 1
2017/11/17, , 56, 56, 21, 3
2017/11/18, , 54, 37, 28, 1
2017/11/19, , 57, 36, 24, 
2017/11/20, , 52, 36, 28, 1
2017/11/21, , 51, 30, 39, 1
2017/11/22, , 54, 23, 35, 1
2017/11/23, , 56, 48, 16, 1
2017/11/24, , 45, 48, 9, 1
2017/11/25, , 31, 49, 6, 2
2017/11/26, , 34, 45, 7, 2
2017/11/27, , 27, 43, 24, 2
2017/11/28, , 41, 52, 14, 3
2017/11/29, , 62, 45, 7, 3
2017/11/30, , 42, 49, 19, 3
2017/12/1, , 50, 53, 13, 4
2017/12/2, , 59, 60, 5, 5
2017/12/3, , 64, 64, 7, 3
2017/12/4, , 72, 45, 21, 1
2017/12/5, , 92, 36, 18, 1
2017/12/6, , 58, 46, 29, 3
2017/12/7, , 57, 40, 34, 2
2017/12/8, , 60, 53, 17, 3
2017/12/9, , 100, 50, 4, 3
2017/12/10, , 94, 54, 14, 5
2017/12/11, , 60, 61, 6, 6
2017/12/12, , 50, 58, 4, 6
2017/12/13, , 62, 49, 15, 4
2017/12/14, , 69, 54, 31, 1
2017/12/15, , 71, 58, 16, 2
2017/12/16, , 58, 60, 6, 1
2017/12/17, , 50, 61, 14, 1
2017/12/18, , 39, 62, 18, 1
2016/7/1, , 74, 58, 1, 2
2016/7/2, , 82, 50, 1, 1
2016/7/3, , 81, 48, 2, 1
2016/7/4, , 86, 53, 3, 1
2016/7/5, , 91, 73, 2, 2
2016/7/6, , 148, 50, 2, 2
2016/7/7, , 80, 60, 3, 2
2016/7/8, , 71, 61, 1, 2
2016/7/9, , 61, 59, 2, 1
2016/7/10, , 57, 54, 2, 1
2016/7/11, , 61, 58, 1, 1
2016/7/12, , 72, 78, 1, 2
2016/7/13, , 180, 49, 5, 
2016/7/14, , 166, 55, 3, 
2016/7/15, , 121, 46, 4, 
2016/7/16, , 94, 35, 4, 
2016/7/17, , 134, 19, 6, 
2016/7/18, , 198, 22, 6, 
2016/7/19, , 303, 19, 5, 
2016/7/20, , 168, 25, 6, 
2016/7/21, , 98, 30, 7, 
2016/7/22, , 80, 41, 5, 1
2016/7/23, , 76, 26, 6, 
2016/7/24, , 108, 29, 4, 
2016/7/25, , 161, 25, 5, 
2016/7/26, , 94, 33, 3, 
2016/7/27, , 101, 29, 3, 
2016/7/28, , 120, 19, 2, 
2016/7/29, , 124, 28, 5, 
2016/7/30, , 97, 32, 5, 
2016/7/31, , 74, 31, 7, 1
2016/8/1, , 90, 46, 5, 4
2016/8/2, , 69, 50, 12, 2
2016/8/3, , 66, 26, 6, 
2016/8/4, , 626, 24, 6, 
2016/8/5, , 243, 28, 8, 
2016/8/6, , 365, 38, 8, 
2016/8/7, , 172, 47, 10, 
2016/8/8, , 133, 40, 8, 
2016/8/9, , 97, 62, 5, 1
2016/8/10, , 74, 77, 7, 2
2016/8/11, , 92, 23, 5, 
2016/8/12, , 144, 25, 6, 
2016/8/13, , 278, 38, 9, 
2016/8/14, , 144, 16, 10, 1
2016/8/15, , 84, , , 
2016/4/1, , 29, 43, 1, 1
2016/4/2, , 29, 47, 2, 1
2016/4/3, , 12, 48, 6, 1
2016/4/4, , 13, 38, 7, 
2016/4/5, , 19, 32, 15, 
2016/4/6, , 34, 30, 13, 
2016/4/7, , 31, 31, 10, 
2016/4/8, , 23, 37, 10, 1
2016/4/9, , 32, 42, 16, 2
2016/4/10, , 46, 48, 13, 1
2016/4/11, , 46, 45, 16, 1
2016/4/12, , 55, 34, 8, 
2016/4/13, , 51, 29, 13, 
2016/4/14, , 34, 28, 6, 
2016/4/15, , 26, 45, 2, 1
2016/4/16, , 26, 51, 2, 2
2016/4/17, , 22, 58, 2, 2
2016/4/18, , 35, 47, 5, 1
2016/4/19, , 24, 42, 6, 1
2016/4/20, , 21, 43, 4, 2
2016/4/21, , 17, 50, 2, 2
2016/4/22, , 17, 43, 8, 2
2016/4/23, , 22, 36, 14, 1
2016/4/24, , 23, 31, 16, 3
2016/4/25, , 35, 34, 18, 4
2016/4/26, , 48, 34, 12, 2
2016/4/27, , 58, 26, 13, 2
2016/4/28, , 62, 17, 10, 1
2016/4/29, , 58, 34, 11, 1
2016/4/30, , 40, 34, 39, 2
2016/5/1, , 61, , 24, 
2016/5/9, , 70, 28, 11, 1
2016/5/10, , 69, 26, 10, 1
2016/5/11, , 63, 27, 16, 3
2016/5/12, , 58, 29, 14, 1
2016/5/13, , 52, 48, 8, 3
2016/5/14, , 50, 44, 3, 2
2016/5/15, , 43, 74, 7, 1
2016/5/16, , 57, 51, 11, 1
2016/5/17, , 59, 35, 18, 1
2016/5/18, , 52, 41, 16, 2
2016/5/19, , 53, 61, 9, 3
2016/5/20, , 48, 41, 2, 3
2016/5/21, , 60, 46, 3, 4
2016/5/22, , 37, 60, 5, 3
2016/5/23, , 37, 42, 7, 3
2016/5/24, , 32, 41, 10, 3
2016/5/25, , 27, 44, 3, 1
2016/5/26, , 36, 44, 4, 2
2016/5/27, , 37, 39, 6, 2
2016/5/28, , 35, 44, 8, 2
2016/5/29, , 33, 48, 8, 3
2016/5/30, , 35, 41, 7, 2
2016/5/31, , 27, 52, 1, 1
2016/6/1, , 39, 56, 2, 1
2016/6/2, , 52, 58, 4, 3
2016/6/3, , 75, 58, 4, 1
2016/6/4, , 76, 49, 7, 
2016/6/5, , 84, 51, 6, 
2016/6/6, , 76, 48, 8, 1
2016/6/7, , 63, 80, 7, 3
2016/6/8, , 77, 48, 3, 1
2016/6/9, , 243, 44, 6, 1
2016/6/10, , 74, 46, 6, 1
2016/6/11, , 66, 38, 3, 1
2016/6/12, , 68, 51, 2, 
2016/6/13, , 56, 66, 2, 1
2016/6/14, , 73, 58, 4, 
2016/6/15, , 45, 45, 7, 
2016/6/16, , 57, 64, 5, 
2016/6/17, , 82, 43, 4, 
2016/6/18, , 105, 42, 4, 
2016/6/19, , 474, 40, 8, 
2016/6/20, , 299, 49, 5, 2
2016/6/21, , 127, 50, 8, 1
2016/6/22, , 108, 30, 10, 
2016/6/23, , 109, 51, 7, 
2016/6/24, , 119, 45, 8, 
2016/6/25, , 109, 44, 10, 
2016/6/26, , 92, 44, 9, 1
2016/6/27, , 84, 64, 6, 2
2016/6/28, , 72, 65, 8, 
2016/6/29, , 87, 44, 7, 
2016/6/30, , 120, 51, 3, 1
2016/1/13, , 26, 35, 5, 2
2016/1/14, , 20, 39, 7, 1
2016/1/15, , 19, 44, 7, 1
2016/1/16, , 17, 40, 5, 1
2016/1/17, , 23, 36, 14, 1
2016/1/18, , 28, 25, 22, 
2016/1/19, , 33, 30, 17, 
2016/1/20, , 27, 35, 17, 
2016/1/21, , 26, 38, 8, 1
2016/1/22, , 31, 36, 9, 2
2016/1/23, , 40, 31, 18, 
2016/1/24, , 46, 32, 16, 
2016/1/25, , 38, 31, 10, 
2016/1/26, , 33, 27, 14, 
2016/1/27, , 21, 36, 7, 
2016/1/28, , 31, 41, 1, 
2016/1/29, , 23, 39, 1, 1
2016/1/30, , 19, 39, 4, 1
2016/1/31, , 14, 37, 8, 
2016/2/1, , 16, 42, 11, 
2016/2/2, , 15, 43, 9, 1
2016/2/3, , 15, 36, 5, 1
2016/2/4, , 21, 38, 8, 
2016/2/5, , 22, 42, 14, 
2016/2/6, , 16, 36, 15, 
2016/2/7, , 21, 40, 19, 
2016/2/8, , 24, 39, 11, 
2016/2/9, , 34, 37, 5, 
2016/2/10, , 19, 41, 11, 1
2016/2/11, , 18, 38, 3, 1
2016/2/12, , 19, 41, 2, 1
2016/2/13, , 18, 44, 8, 1
2016/2/14, , 22, 41, 8, 
2016/2/15, , 21, 42, 7, 1
2016/2/16, , 21, 40, 7, 1
2016/2/17, , 31, 35, 10, 
2016/2/18, , 16, 40, 6, 1
2016/2/19, , 20, 44, 18, 1
2016/2/20, , 27, 37, 25, 1
2016/2/21, , 26, 38, 20, 1
2016/2/22, , 32, 27, 18, 
2016/2/23, , 35, 25, 21, 
2016/2/24, , 30, 41, 6, 
2016/2/25, , 23, 41, 5, 2
2016/2/26, , 16, 38, 8, 
2016/2/27, , 24, 30, 15, 
2016/2/28, , 27, 32, 9, 1
2016/2/29, , 23, 42, 3, 1
2016/3/1, , 23, 44, 11, 1
2016/3/2, , 23, 35, 9, 
2016/3/3, , 18, 37, 6, 
2016/3/4, , 13, 28, 12, 
2016/3/5, , 20, 24, 11, 1
2016/3/6, , 38, 18, 16, 
2016/3/7, , 23, 14, 12, 
2016/3/8, , 26, 17, 11, 
2016/3/9, , 25, 22, 7, 
2016/3/10, , 11, 30, 6, 4
2016/3/11, , 29, 36, 18, 2
2016/3/12, , 37, 36, 8, 1
2016/3/13, , 34, 28, 7, 2
2016/3/14, , 20, 18, 13, 
2016/3/15, , 26, 26, 6, 1
2016/3/16, , 21, 38, 7, 
2016/3/17, , 69, 38, 3, 
2016/3/18, , 64, 31, 3, 1
2016/3/19, , 27, , , 
2016/3/23, , 77, 40, 3, 1
2016/3/24, , 30, 36, 7, 1
2016/3/25, , 21, 39, 9, 
2016/3/26, , 21, 33, 10, 
2016/3/27, , 51, 22, 14, 
2016/3/28, , 94, 22, 8, 
2016/3/29, , 121, 34, 7, 
2016/3/30, , 87, 36, 4, 
2016/3/31, , 47, 40, 2, 
2016/1/12, , , 39, 5, 2
2016/3/21, , , 14, , 
2016/3/22, , , 29, , 1
2016/5/8, , , , 27, 